task,dataset,NN,LF,main,auc
linksign,RedditHyperlinkTitle,15,1,0.903800,0.939200
linksign,RedditHyperlinkTitle,15,3,0.911500,0.939600
linksign,RedditHyperlinkTitle,15,5,0.892500,0.935000
linksign,RedditHyperlinkTitle,15,10,0.905100,0.935700
linksign,RedditHyperlinkTitle,15,15,0.910800,0.940200
linksign,RedditHyperlinkTitle,40,1,0.900700,0.933700
linksign,RedditHyperlinkTitle,40,3,0.908600,0.939800
linksign,RedditHyperlinkTitle,40,5,0.901600,0.934600
linksign,RedditHyperlinkTitle,40,10,0.899500,0.941500
linksign,RedditHyperlinkTitle,40,15,0.897300,0.940000
linksign,RedditHyperlinkTitle,60,1,0.902500,0.938600
linksign,RedditHyperlinkTitle,60,3,0.902300,0.936200
linksign,RedditHyperlinkTitle,60,5,0.908200,0.941000
linksign,RedditHyperlinkTitle,60,10,0.898600,0.933400
linksign,RedditHyperlinkTitle,60,15,0.900600,0.936100
linksign,RedditHyperlinkTitle,80,1,0.894900,0.938300
linksign,RedditHyperlinkTitle,80,3,0.897900,0.937600
linksign,RedditHyperlinkTitle,80,5,0.910000,0.936500
linksign,RedditHyperlinkTitle,80,10,0.903400,0.934500
linksign,RedditHyperlinkTitle,80,15,0.902900,0.937500
linksign,RedditHyperlinkTitle,100,1,0.895500,0.936300
linksign,RedditHyperlinkTitle,100,3,0.892900,0.932700
linksign,RedditHyperlinkTitle,100,5,0.905100,0.939000
linksign,RedditHyperlinkTitle,100,10,0.909800,0.933100
linksign,RedditHyperlinkTitle,100,15,0.902700,0.934700
linksign,RedditHyperlinkBody,15,1,0.941600,0.932800
linksign,RedditHyperlinkBody,15,3,0.926900,0.929000
linksign,RedditHyperlinkBody,15,5,0.928700,0.933200
linksign,RedditHyperlinkBody,15,10,0.924700,0.930100
linksign,RedditHyperlinkBody,15,15,0.935700,0.929200
linksign,RedditHyperlinkBody,40,1,0.939500,0.935300
linksign,RedditHyperlinkBody,40,3,0.934500,0.929000
linksign,RedditHyperlinkBody,40,5,0.936400,0.931400
linksign,RedditHyperlinkBody,40,10,0.931600,0.927500
linksign,RedditHyperlinkBody,40,15,0.935600,0.930900
linksign,RedditHyperlinkBody,60,1,0.943900,0.913400
linksign,RedditHyperlinkBody,60,3,0.943400,0.919400
linksign,RedditHyperlinkBody,60,5,0.927500,0.930700
linksign,RedditHyperlinkBody,60,10,0.933200,0.930200
linksign,RedditHyperlinkBody,60,15,0.935900,0.929700
linksign,RedditHyperlinkBody,80,1,0.933600,0.907300
linksign,RedditHyperlinkBody,80,3,0.937800,0.923900
linksign,RedditHyperlinkBody,80,5,0.941300,0.919200
linksign,RedditHyperlinkBody,80,10,0.930200,0.922600
linksign,RedditHyperlinkBody,80,15,0.937900,0.926200
linksign,RedditHyperlinkBody,100,1,0.941500,0.919500
linksign,RedditHyperlinkBody,100,3,0.940000,0.919600
linksign,RedditHyperlinkBody,100,5,0.932800,0.926000
linksign,RedditHyperlinkBody,100,10,0.933400,0.925900
linksign,RedditHyperlinkBody,100,15,0.930500,0.924900
linksign,WikiVote,15,1,0.897200,0.952800
linksign,WikiVote,15,3,0.906800,0.958800
linksign,WikiVote,15,5,0.903000,0.959500
linksign,WikiVote,15,10,0.903200,0.960700
linksign,WikiVote,15,15,0.899500,0.958400
linksign,WikiVote,40,1,0.898300,0.954700
linksign,WikiVote,40,3,0.897700,0.954700
linksign,WikiVote,40,5,0.895800,0.956200
linksign,WikiVote,40,10,0.900400,0.958800
linksign,WikiVote,40,15,0.901100,0.957800
linksign,WikiVote,60,1,0.891100,0.953100
linksign,WikiVote,60,3,0.893300,0.956100
linksign,WikiVote,60,5,0.897700,0.957000
linksign,WikiVote,60,10,0.896100,0.957300
linksign,WikiVote,60,15,0.900400,0.960300
linksign,WikiVote,80,1,0.892100,0.953300
linksign,WikiVote,80,3,0.897300,0.957400
linksign,WikiVote,80,5,0.893700,0.956800
linksign,WikiVote,80,10,0.895500,0.956000
linksign,WikiVote,80,15,0.895700,0.956500
linksign,WikiVote,100,1,0.889500,0.953600
linksign,WikiVote,100,3,0.892300,0.955100
linksign,WikiVote,100,5,0.891500,0.956100
linksign,WikiVote,100,10,0.894100,0.957500
linksign,WikiVote,100,15,0.894600,0.955700
sign,RedditHyperlinkTitle,15,1,0.470000,0.679900
sign,RedditHyperlinkTitle,15,3,0.470000,0.682500
sign,RedditHyperlinkTitle,15,5,0.470000,0.685200
sign,RedditHyperlinkTitle,15,10,0.472800,0.646100
sign,RedditHyperlinkTitle,15,15,0.470000,0.697100
sign,RedditHyperlinkTitle,40,1,0.473100,0.680400
sign,RedditHyperlinkTitle,40,3,0.469900,0.707500
sign,RedditHyperlinkTitle,40,5,0.473000,0.708900
sign,RedditHyperlinkTitle,40,10,0.469900,0.694100
sign,RedditHyperlinkTitle,40,15,0.473000,0.697300
sign,RedditHyperlinkTitle,60,1,0.469700,0.675500
sign,RedditHyperlinkTitle,60,3,0.475600,0.658900
sign,RedditHyperlinkTitle,60,5,0.473000,0.699500
sign,RedditHyperlinkTitle,60,10,0.469700,0.664600
sign,RedditHyperlinkTitle,60,15,0.469900,0.681500
sign,RedditHyperlinkTitle,80,1,0.471400,0.676100
sign,RedditHyperlinkTitle,80,3,0.469700,0.666800
sign,RedditHyperlinkTitle,80,5,0.471900,0.704500
sign,RedditHyperlinkTitle,80,10,0.469600,0.698100
sign,RedditHyperlinkTitle,80,15,0.472800,0.682700
sign,RedditHyperlinkTitle,100,1,0.469800,0.677000
sign,RedditHyperlinkTitle,100,3,0.472100,0.707000
sign,RedditHyperlinkTitle,100,5,0.469900,0.703600
sign,RedditHyperlinkTitle,100,10,0.469900,0.692800
sign,RedditHyperlinkTitle,100,15,0.469800,0.697800
sign,RedditHyperlinkBody,15,1,0.482300,0.640600
sign,RedditHyperlinkBody,15,3,0.481800,0.587800
sign,RedditHyperlinkBody,15,5,0.482300,0.600100
sign,RedditHyperlinkBody,15,10,0.482300,0.599600
sign,RedditHyperlinkBody,15,15,0.481800,0.604500
sign,RedditHyperlinkBody,40,1,0.495400,0.648500
sign,RedditHyperlinkBody,40,3,0.482300,0.594700
sign,RedditHyperlinkBody,40,5,0.482300,0.597000
sign,RedditHyperlinkBody,40,10,0.481800,0.620400
sign,RedditHyperlinkBody,40,15,0.482100,0.598400
sign,RedditHyperlinkBody,60,1,0.485900,0.628600
sign,RedditHyperlinkBody,60,3,0.482100,0.600800
sign,RedditHyperlinkBody,60,5,0.482300,0.616000
sign,RedditHyperlinkBody,60,10,0.482200,0.636000
sign,RedditHyperlinkBody,60,15,0.482300,0.626200
sign,RedditHyperlinkBody,80,1,0.482000,0.622000
sign,RedditHyperlinkBody,80,3,0.482200,0.608500
sign,RedditHyperlinkBody,80,5,0.482200,0.606600
sign,RedditHyperlinkBody,80,10,0.482300,0.616500
sign,RedditHyperlinkBody,80,15,0.487000,0.634400
sign,RedditHyperlinkBody,100,1,0.482300,0.615000
sign,RedditHyperlinkBody,100,3,0.482000,0.622000
sign,RedditHyperlinkBody,100,5,0.482100,0.637000
sign,RedditHyperlinkBody,100,10,0.482300,0.628800
sign,RedditHyperlinkBody,100,15,0.482100,0.606800
sign,WikiVote,15,1,0.626600,0.788800
sign,WikiVote,15,3,0.607100,0.795500
sign,WikiVote,15,5,0.630700,0.803400
sign,WikiVote,15,10,0.664000,0.805200
sign,WikiVote,15,15,0.606400,0.797400
sign,WikiVote,40,1,0.625000,0.788500
sign,WikiVote,40,3,0.617600,0.777200
sign,WikiVote,40,5,0.624000,0.792100
sign,WikiVote,40,10,0.624400,0.786200
sign,WikiVote,40,15,0.647900,0.793700
sign,WikiVote,60,1,0.606400,0.769700
sign,WikiVote,60,3,0.623900,0.798300
sign,WikiVote,60,5,0.574100,0.787100
sign,WikiVote,60,10,0.598900,0.793000
sign,WikiVote,60,15,0.608000,0.803100
sign,WikiVote,80,1,0.629800,0.796800
sign,WikiVote,80,3,0.605900,0.798500
sign,WikiVote,80,5,0.609300,0.799000
sign,WikiVote,80,10,0.614600,0.790300
sign,WikiVote,80,15,0.598900,0.801400
sign,WikiVote,100,1,0.591900,0.774400
sign,WikiVote,100,3,0.598100,0.790900
sign,WikiVote,100,5,0.600700,0.794500
sign,WikiVote,100,10,0.602200,0.795600
sign,WikiVote,100,15,0.630700,0.795100
