task,dataset,nn,lf,n_test,n_real(sign!=0),D1_mean_nonzero_ratio_real,D1_p25,D1_p50,D1_p75,D1mean_indirect_only_real,D2_allzero_share_real,D2_allzero_share_all,D2_directonly_share_real,avg_L_eff_real
sign,WikiVote,40,15,3000,2805,0.115168977371408,0.05,0.1,0.1509433962264151,0.11486160583212869,0.2089126559714795,0.209,0.0,52.42459893048128
sign,BitcoinAlpha,40,15,3618,3618,0.12479436057989511,0.0,0.125,0.18906170321264662,0.11689368380074469,0.3407960199004975,0.3407960199004975,0.029297954671088998,46.235765616362634
sign,BitcoinOTC,40,15,5339,5339,0.12169483765024526,0.0,0.1125,0.175,0.09753747656332207,0.26709121558344256,0.26709121558344256,0.12848848098894924,46.405881251170634
sign,RedditHyperlinkTitle,100,1,3000,3000,0.2893369044793734,0.0,0.4,0.5063837439309476,0.20795947446209842,0.41,0.41,0.104,44.724666666666664
sign,RedditHyperlinkBody,60,1,3000,3000,0.3574774432869056,0.0,0.4,0.6,0.2171317868366296,0.4053333333333333,0.4053333333333333,0.16733333333333333,36.39066666666667
linksign,WikiVote,15,10,3000,2805,0.10356666747444436,0.0,0.07142857142857142,0.14285714285714285,0.10326283127608482,0.33975044563279855,0.3433333333333333,0.0010695187165775401,25.04385026737968
linksign,BitcoinAlpha,40,15,3618,3618,0.12479436057989511,0.0,0.125,0.18906170321264662,0.11689368380074469,0.3407960199004975,0.3407960199004975,0.029297954671088998,46.235765616362634
linksign,BitcoinOTC,80,5,5339,5339,0.20161348925492936,0.0,0.23076923076923078,0.3,0.16430485022111144,0.2665293126053568,0.2665293126053568,0.1277392770181682,52.826184678778795
linksign,RedditHyperlinkTitle,60,1,3000,3000,0.2861653949943671,0.0,0.4,0.5,0.2046782159797985,0.41,0.41,0.104,35.78766666666667
linksign,RedditHyperlinkBody,80,3,3000,3000,0.29328487381531765,0.0,0.27475490196078434,0.4596469104665826,0.18101324878217687,0.4053333333333333,0.4053333333333333,0.16733333333333333,46.153333333333336
