dataset,seed,metric,full,loo_w_o_BTE,g1,g1_minus_full,full_minus_loo,g1_minus_loo
WikiVote,42,f1_wt,0.903200,0.901500,0.906000,0.002800,0.001700,0.004500
WikiVote,42,f1_mac,0.778400,0.785100,0.795600,0.017200,-0.006700,0.010500
WikiVote,42,ap,0.815000,0.803700,0.817200,0.002200,0.011300,0.013500
WikiVote,42,auc,0.960700,0.957100,0.961500,0.000800,0.003600,0.004400
WikiVote,123,f1_wt,0.908000,0.909400,0.904800,-0.003200,-0.001400,-0.004600
WikiVote,123,f1_mac,0.800200,0.801000,0.792300,-0.007900,-0.000800,-0.008700
WikiVote,123,ap,0.818500,0.818200,0.815700,-0.002800,0.000300,-0.002500
WikiVote,123,auc,0.961600,0.961900,0.961500,-0.000100,-0.000300,-0.000400
WikiVote,456,f1_wt,0.905900,0.907400,0.909400,0.003500,-0.001500,0.002000
WikiVote,456,f1_mac,0.798000,0.801000,0.793800,-0.004200,-0.003000,-0.007200
WikiVote,456,ap,0.810800,0.814900,0.814800,0.004000,-0.004100,-0.000100
WikiVote,456,auc,0.960600,0.961800,0.962200,0.001600,-0.001200,0.000400
WikiVote,789,f1_wt,0.910500,0.903600,0.904100,-0.006400,0.006900,0.000500
WikiVote,789,f1_mac,0.801700,0.787700,0.792700,-0.009000,0.014000,0.005000
WikiVote,789,ap,0.818300,0.809100,0.812800,-0.005500,0.009200,0.003700
WikiVote,789,auc,0.961400,0.959500,0.961000,-0.000400,0.001900,0.001500
WikiVote,1024,f1_wt,0.907400,0.904100,0.906100,-0.001300,0.003300,0.002000
WikiVote,1024,f1_mac,0.802300,0.793600,0.791400,-0.010900,0.008700,-0.002200
WikiVote,1024,ap,0.818400,0.815300,0.813500,-0.004900,0.003100,-0.001800
WikiVote,1024,auc,0.961800,0.960000,0.960300,-0.001500,0.001800,0.000300
RedditHyperlinkTitle,42,f1_wt,0.902500,0.897100,0.903400,0.000900,0.005400,0.006300
RedditHyperlinkTitle,42,f1_mac,0.694800,0.693800,0.697500,0.002700,0.001000,0.003700
RedditHyperlinkTitle,42,ap,0.718500,0.710800,0.713600,-0.004900,0.007700,0.002800
RedditHyperlinkTitle,42,auc,0.938600,0.933200,0.933700,-0.004900,0.005400,0.000500
RedditHyperlinkTitle,123,f1_wt,0.899100,0.902500,0.903800,0.004700,-0.003400,0.001300
RedditHyperlinkTitle,123,f1_mac,0.702800,0.691100,0.697600,-0.005200,0.011700,0.006500
RedditHyperlinkTitle,123,ap,0.718400,0.710200,0.714000,-0.004400,0.008200,0.003800
RedditHyperlinkTitle,123,auc,0.939900,0.934500,0.935300,-0.004600,0.005400,0.000800
RedditHyperlinkTitle,456,f1_wt,0.899900,0.888500,0.899300,-0.000600,0.011400,0.010800
RedditHyperlinkTitle,456,f1_mac,0.697600,0.692700,0.692800,-0.004800,0.004900,0.000100
RedditHyperlinkTitle,456,ap,0.718000,0.711600,0.716800,-0.001200,0.006400,0.005200
RedditHyperlinkTitle,456,auc,0.938000,0.933700,0.938600,0.000600,0.004300,0.004900
RedditHyperlinkTitle,789,f1_wt,0.906700,0.898000,0.908900,0.002200,0.008700,0.010900
RedditHyperlinkTitle,789,f1_mac,0.695900,0.695500,0.697700,0.001800,0.000400,0.002200
RedditHyperlinkTitle,789,ap,0.718000,0.714600,0.717100,-0.000900,0.003400,0.002500
RedditHyperlinkTitle,789,auc,0.939200,0.936000,0.937000,-0.002200,0.003200,0.001000
RedditHyperlinkTitle,1024,f1_wt,0.902000,0.882400,0.905000,0.003000,0.019600,0.022600
RedditHyperlinkTitle,1024,f1_mac,0.698600,0.690300,0.692300,-0.006300,0.008300,0.002000
RedditHyperlinkTitle,1024,ap,0.719200,0.704600,0.706900,-0.012300,0.014600,0.002300
RedditHyperlinkTitle,1024,auc,0.939700,0.929400,0.930400,-0.009300,0.010300,0.001000
RedditHyperlinkBody,42,f1_wt,0.937800,0.933100,0.919300,-0.018500,0.004700,-0.013800
RedditHyperlinkBody,42,f1_mac,0.675300,0.675300,0.690100,0.014800,0.000000,0.014800
RedditHyperlinkBody,42,ap,0.689900,0.689700,0.694400,0.004500,0.000200,0.004700
RedditHyperlinkBody,42,auc,0.923900,0.921900,0.930400,0.006500,0.002000,0.008500
RedditHyperlinkBody,123,f1_wt,0.939400,0.933000,0.928000,-0.011400,0.006400,-0.005000
RedditHyperlinkBody,123,f1_mac,0.669400,0.684500,0.686900,0.017500,-0.015100,0.002400
RedditHyperlinkBody,123,ap,0.681200,0.702800,0.695500,0.014300,-0.021600,-0.007300
RedditHyperlinkBody,123,auc,0.915900,0.935500,0.929800,0.013900,-0.019600,-0.005700
RedditHyperlinkBody,456,f1_wt,0.940000,0.947400,0.929600,-0.010400,-0.007400,-0.017800
RedditHyperlinkBody,456,f1_mac,0.667800,0.662000,0.673700,0.005900,0.005800,0.011700
RedditHyperlinkBody,456,ap,0.686200,0.685100,0.690200,0.004000,0.001100,0.005100
RedditHyperlinkBody,456,auc,0.922800,0.920900,0.928600,0.005800,0.001900,0.007700
RedditHyperlinkBody,789,f1_wt,0.937100,0.937100,0.932500,-0.004600,0.000000,-0.004600
RedditHyperlinkBody,789,f1_mac,0.680000,0.664300,0.687400,0.007400,0.015700,0.023100
RedditHyperlinkBody,789,ap,0.691200,0.684800,0.698300,0.007100,0.006400,0.013500
RedditHyperlinkBody,789,auc,0.925400,0.916300,0.934800,0.009400,0.009100,0.018500
RedditHyperlinkBody,1024,f1_wt,0.940300,0.933000,0.931800,-0.008500,0.007300,-0.001200
RedditHyperlinkBody,1024,f1_mac,0.671600,0.679300,0.692600,0.021000,-0.007700,0.013300
RedditHyperlinkBody,1024,ap,0.693300,0.695200,0.698300,0.005000,-0.001900,0.003100
RedditHyperlinkBody,1024,auc,0.929700,0.931200,0.934000,0.004300,-0.001500,0.002800
BitcoinAlpha,42,f1_wt,0.926900,0.918000,0.926600,-0.000300,0.008900,0.008600
BitcoinAlpha,42,f1_mac,0.777300,0.754000,0.774600,-0.002700,0.023300,0.020600
BitcoinAlpha,42,ap,0.819500,0.799900,0.834300,0.014800,0.019600,0.034400
BitcoinAlpha,42,auc,0.958600,0.956900,0.961900,0.003300,0.001700,0.005000
BitcoinAlpha,123,f1_wt,0.923900,0.918100,0.924700,0.000800,0.005800,0.006600
BitcoinAlpha,123,f1_mac,0.773400,0.763900,0.769800,-0.003600,0.009500,0.005900
BitcoinAlpha,123,ap,0.808900,0.802000,0.810100,0.001200,0.006900,0.008100
BitcoinAlpha,123,auc,0.958500,0.956900,0.956600,-0.001900,0.001600,-0.000300
BitcoinAlpha,456,f1_wt,0.919900,0.910900,0.923100,0.003200,0.009000,0.012200
BitcoinAlpha,456,f1_mac,0.765000,0.722300,0.776900,0.011900,0.042700,0.054600
BitcoinAlpha,456,ap,0.803000,0.798300,0.801700,-0.001300,0.004700,0.003400
BitcoinAlpha,456,auc,0.957300,0.958400,0.950200,-0.007100,-0.001100,-0.008200
BitcoinAlpha,789,f1_wt,0.921300,0.916900,0.925300,0.004000,0.004400,0.008400
BitcoinAlpha,789,f1_mac,0.765100,0.754900,0.777400,0.012300,0.010200,0.022500
BitcoinAlpha,789,ap,0.800000,0.786100,0.809400,0.009400,0.013900,0.023300
BitcoinAlpha,789,auc,0.953700,0.951300,0.957300,0.003600,0.002400,0.006000
BitcoinAlpha,1024,f1_wt,0.924900,0.911900,0.919600,-0.005300,0.013000,0.007700
BitcoinAlpha,1024,f1_mac,0.770100,0.728300,0.748900,-0.021200,0.041800,0.020600
BitcoinAlpha,1024,ap,0.818600,0.798800,0.810500,-0.008100,0.019800,0.011700
BitcoinAlpha,1024,auc,0.958800,0.954400,0.958800,0.000000,0.004400,0.004400
BitcoinOTC,42,f1_wt,0.939700,0.931700,0.947300,0.007600,0.008000,0.015600
BitcoinOTC,42,f1_mac,0.802300,0.765800,0.827600,0.025300,0.036500,0.061800
BitcoinOTC,42,ap,0.846000,0.825200,0.863100,0.017100,0.020800,0.037900
BitcoinOTC,42,auc,0.966800,0.965600,0.973200,0.006400,0.001200,0.007600
BitcoinOTC,123,f1_wt,0.947600,0.930600,0.950300,0.002700,0.017000,0.019700
BitcoinOTC,123,f1_mac,0.822300,0.767600,0.841400,0.019100,0.054700,0.073800
BitcoinOTC,123,ap,0.857500,0.807400,0.866100,0.008600,0.050100,0.058700
BitcoinOTC,123,auc,0.969700,0.958300,0.973800,0.004100,0.011400,0.015500
BitcoinOTC,456,f1_wt,0.947000,0.928400,0.947400,0.000400,0.018600,0.019000
BitcoinOTC,456,f1_mac,0.818100,0.769600,0.824200,0.006100,0.048500,0.054600
BitcoinOTC,456,ap,0.867000,0.805600,0.866000,-0.001000,0.061400,0.060400
BitcoinOTC,456,auc,0.974100,0.959700,0.974100,0.000000,0.014400,0.014400
BitcoinOTC,789,f1_wt,0.947100,0.929700,0.950500,0.003400,0.017400,0.020800
BitcoinOTC,789,f1_mac,0.815100,0.751800,0.839600,0.024500,0.063300,0.087800
BitcoinOTC,789,ap,0.864500,0.831400,0.866400,0.001900,0.033100,0.035000
BitcoinOTC,789,auc,0.972800,0.966500,0.972000,-0.000800,0.006300,0.005500
BitcoinOTC,1024,f1_wt,0.947700,0.930700,0.948700,0.001000,0.017000,0.018000
BitcoinOTC,1024,f1_mac,0.822600,0.760400,0.831000,0.008400,0.062200,0.070600
BitcoinOTC,1024,ap,0.855700,0.826700,0.868100,0.012400,0.029000,0.041400
BitcoinOTC,1024,auc,0.970400,0.966300,0.974000,0.003600,0.004100,0.007700
