task,variant,dataset,metric,delta_permille
linksign,B2,WikiVote,f1_wt,3.50
linksign,B2,WikiVote,f1_mac,18.80
linksign,B2,WikiVote,sign_f1,-3.90
linksign,B2,WikiVote,ap,-1.70
linksign,B2,WikiVote,auc,-0.60
linksign,B2,RedditHyperlinkTitle,f1_wt,-1.20
linksign,B2,RedditHyperlinkTitle,f1_mac,1.60
linksign,B2,RedditHyperlinkTitle,sign_f1,-3.60
linksign,B2,RedditHyperlinkTitle,ap,2.00
linksign,B2,RedditHyperlinkTitle,auc,0.30
linksign,B2,RedditHyperlinkBody,f1_wt,8.00
linksign,B2,RedditHyperlinkBody,f1_mac,-7.40
linksign,B2,RedditHyperlinkBody,sign_f1,20.20
linksign,B2,RedditHyperlinkBody,ap,-2.20
linksign,B2,RedditHyperlinkBody,auc,-5.00
linksign,B2,BitcoinAlpha,f1_wt,-0.30
linksign,B2,BitcoinAlpha,f1_mac,2.50
linksign,B2,BitcoinAlpha,sign_f1,-2.20
linksign,B2,BitcoinAlpha,ap,-1.70
linksign,B2,BitcoinAlpha,auc,-0.70
linksign,B2,BitcoinOTC,f1_wt,9.70
linksign,B2,BitcoinOTC,f1_mac,38.20
linksign,B2,BitcoinOTC,sign_f1,2.80
linksign,B2,BitcoinOTC,ap,12.00
linksign,B2,BitcoinOTC,auc,5.50
linksign,B3,WikiVote,f1_wt,4.40
linksign,B3,WikiVote,f1_mac,23.20
linksign,B3,WikiVote,sign_f1,-5.30
linksign,B3,WikiVote,ap,1.50
linksign,B3,WikiVote,auc,1.10
linksign,B3,RedditHyperlinkTitle,f1_wt,-0.90
linksign,B3,RedditHyperlinkTitle,f1_mac,-0.60
linksign,B3,RedditHyperlinkTitle,sign_f1,-2.30
linksign,B3,RedditHyperlinkTitle,ap,-8.70
linksign,B3,RedditHyperlinkTitle,auc,-6.90
linksign,B3,RedditHyperlinkBody,f1_wt,-3.60
linksign,B3,RedditHyperlinkBody,f1_mac,-5.80
linksign,B3,RedditHyperlinkBody,sign_f1,-7.10
linksign,B3,RedditHyperlinkBody,ap,-8.40
linksign,B3,RedditHyperlinkBody,auc,-4.70
linksign,B3,BitcoinAlpha,f1_wt,1.50
linksign,B3,BitcoinAlpha,f1_mac,11.50
linksign,B3,BitcoinAlpha,sign_f1,-2.90
linksign,B3,BitcoinAlpha,ap,-0.30
linksign,B3,BitcoinAlpha,auc,-0.70
linksign,B3,BitcoinOTC,f1_wt,3.80
linksign,B3,BitcoinOTC,f1_mac,1.00
linksign,B3,BitcoinOTC,sign_f1,8.50
linksign,B3,BitcoinOTC,ap,14.50
linksign,B3,BitcoinOTC,auc,4.60
linksign,B4,WikiVote,f1_wt,-0.10
linksign,B4,WikiVote,f1_mac,10.70
linksign,B4,WikiVote,sign_f1,-6.90
linksign,B4,WikiVote,ap,-2.50
linksign,B4,WikiVote,auc,-1.00
linksign,B4,RedditHyperlinkTitle,f1_wt,5.00
linksign,B4,RedditHyperlinkTitle,f1_mac,11.80
linksign,B4,RedditHyperlinkTitle,sign_f1,7.90
linksign,B4,RedditHyperlinkTitle,ap,0.20
linksign,B4,RedditHyperlinkTitle,auc,-1.70
linksign,B4,RedditHyperlinkBody,f1_wt,2.00
linksign,B4,RedditHyperlinkBody,f1_mac,-7.40
linksign,B4,RedditHyperlinkBody,sign_f1,6.20
linksign,B4,RedditHyperlinkBody,ap,-6.10
linksign,B4,RedditHyperlinkBody,auc,-8.50
linksign,B4,BitcoinAlpha,f1_wt,2.50
linksign,B4,BitcoinAlpha,f1_mac,11.40
linksign,B4,BitcoinAlpha,sign_f1,-1.80
linksign,B4,BitcoinAlpha,ap,-1.30
linksign,B4,BitcoinAlpha,auc,0.90
linksign,B4,BitcoinOTC,f1_wt,10.00
linksign,B4,BitcoinOTC,f1_mac,24.70
linksign,B4,BitcoinOTC,sign_f1,11.30
linksign,B4,BitcoinOTC,ap,25.10
linksign,B4,BitcoinOTC,auc,7.50
linksign,B5,WikiVote,f1_wt,2.80
linksign,B5,WikiVote,f1_mac,17.20
linksign,B5,WikiVote,sign_f1,-2.80
linksign,B5,WikiVote,ap,2.20
linksign,B5,WikiVote,auc,0.80
linksign,B5,RedditHyperlinkTitle,f1_wt,2.10
linksign,B5,RedditHyperlinkTitle,f1_mac,-3.00
linksign,B5,RedditHyperlinkTitle,sign_f1,6.90
linksign,B5,RedditHyperlinkTitle,ap,-6.60
linksign,B5,RedditHyperlinkTitle,auc,-6.20
linksign,B5,RedditHyperlinkBody,f1_wt,-2.60
linksign,B5,RedditHyperlinkBody,f1_mac,7.20
linksign,B5,RedditHyperlinkBody,sign_f1,-7.80
linksign,B5,RedditHyperlinkBody,ap,-0.10
linksign,B5,RedditHyperlinkBody,auc,4.10
linksign,B5,BitcoinAlpha,f1_wt,-0.80
linksign,B5,BitcoinAlpha,f1_mac,-3.80
linksign,B5,BitcoinAlpha,sign_f1,0.10
linksign,B5,BitcoinAlpha,ap,-2.30
linksign,B5,BitcoinAlpha,auc,1.70
linksign,B5,BitcoinOTC,f1_wt,12.40
linksign,B5,BitcoinOTC,f1_mac,39.10
linksign,B5,BitcoinOTC,sign_f1,11.50
linksign,B5,BitcoinOTC,ap,24.40
linksign,B5,BitcoinOTC,auc,7.20
sign,B2,WikiVote,auc,5.10
sign,B2,WikiVote,f1_macro,-27.50
sign,B2,WikiVote,f1_binary,1.00
sign,B2,RedditHyperlinkTitle,auc,27.70
sign,B2,RedditHyperlinkTitle,f1_macro,2.00
sign,B2,RedditHyperlinkTitle,f1_binary,0.20
sign,B2,RedditHyperlinkBody,auc,3.90
sign,B2,RedditHyperlinkBody,f1_macro,-3.60
sign,B2,RedditHyperlinkBody,f1_binary,0.60
sign,B2,BitcoinAlpha,auc,-2.70
sign,B2,BitcoinAlpha,f1_macro,24.10
sign,B2,BitcoinAlpha,f1_binary,0.70
sign,B2,BitcoinOTC,auc,-7.70
sign,B2,BitcoinOTC,f1_macro,-4.40
sign,B2,BitcoinOTC,f1_binary,0.30
sign,B3,WikiVote,auc,0.00
sign,B3,WikiVote,f1_macro,-6.50
sign,B3,WikiVote,f1_binary,-3.50
sign,B3,RedditHyperlinkTitle,auc,11.50
sign,B3,RedditHyperlinkTitle,f1_macro,8.40
sign,B3,RedditHyperlinkTitle,f1_binary,0.30
sign,B3,RedditHyperlinkBody,auc,-0.30
sign,B3,RedditHyperlinkBody,f1_macro,-3.60
sign,B3,RedditHyperlinkBody,f1_binary,0.60
sign,B3,BitcoinAlpha,auc,0.10
sign,B3,BitcoinAlpha,f1_macro,1.70
sign,B3,BitcoinAlpha,f1_binary,-0.60
sign,B3,BitcoinOTC,auc,0.80
sign,B3,BitcoinOTC,f1_macro,8.60
sign,B3,BitcoinOTC,f1_binary,1.10
sign,B4,WikiVote,auc,-0.10
sign,B4,WikiVote,f1_macro,-22.40
sign,B4,WikiVote,f1_binary,-1.10
sign,B4,RedditHyperlinkTitle,auc,0.60
sign,B4,RedditHyperlinkTitle,f1_macro,0.00
sign,B4,RedditHyperlinkTitle,f1_binary,0.00
sign,B4,RedditHyperlinkBody,auc,-2.60
sign,B4,RedditHyperlinkBody,f1_macro,-3.60
sign,B4,RedditHyperlinkBody,f1_binary,0.60
sign,B4,BitcoinAlpha,auc,3.00
sign,B4,BitcoinAlpha,f1_macro,-14.60
sign,B4,BitcoinAlpha,f1_binary,-0.30
sign,B4,BitcoinOTC,auc,-25.70
sign,B4,BitcoinOTC,f1_macro,-42.70
sign,B4,BitcoinOTC,f1_binary,-7.90
sign,B5,WikiVote,auc,4.40
sign,B5,WikiVote,f1_macro,-18.50
sign,B5,WikiVote,f1_binary,-1.20
sign,B5,RedditHyperlinkTitle,auc,-8.50
sign,B5,RedditHyperlinkTitle,f1_macro,3.70
sign,B5,RedditHyperlinkTitle,f1_binary,-1.50
sign,B5,RedditHyperlinkBody,auc,-24.50
sign,B5,RedditHyperlinkBody,f1_macro,-3.60
sign,B5,RedditHyperlinkBody,f1_binary,0.60
sign,B5,BitcoinAlpha,auc,-51.10
sign,B5,BitcoinAlpha,f1_macro,1.10
sign,B5,BitcoinAlpha,f1_binary,-7.10
sign,B5,BitcoinOTC,auc,-8.90
sign,B5,BitcoinOTC,f1_macro,-24.80
sign,B5,BitcoinOTC,f1_binary,-6.10
