task,dataset,NN,LF,m,P,tail,source_file,sha256,note
linksign,WikiVote,15,10,0,1,20000,results/e1a_tailfill/raw_base/linksign/WikiVote/SignDyGFormer_seed42.NN-15.LF-10.RAS-E.RASE-E.BTE-E.CNAS-E.P1.TE.json,1eac7c2e4a0f22fa380d93b98f4250ba8e48843c726d0aed9f900d6d1db52642,修复后主表批定稿（main-c）；E1c 探索列 m=8–11（未进主表）
linksign,RedditHyperlinkTitle,60,1,0,1,20000,results/e1a_tailfill/raw_base/linksign/RedditHyperlinkTitle/SignDyGFormer_seed42.NN-60.LF-1.RAS-E.RASE-E.BTE-E.CNAS-E.P1.TE.json,7516ebf85ae6947653bd88122c3b07767ac6a94db8e98dfc060718c46bee4cbe,修复后主表批定稿（main-b）
linksign,RedditHyperlinkBody,80,3,0,1,20000,results/e1a_tailfill/raw_base/linksign/RedditHyperlinkBody/SignDyGFormer_seed42.NN-80.LF-3.RAS-E.RASE-E.BTE-E.CNAS-E.P1.TE.json,a77a4536eebbb014fe6aa5893becb769ea36c090fb6edf47164a194be6a820d8,修复后主表批定稿（main-b）；E1c 探索列 m=80（未进主表）
linksign,BitcoinAlpha,40,15,0,1,—,results/e1a_tailfill/raw_base/linksign/BitcoinAlpha/SignDyGFormer_seed42.NN-40.LF-15.RAS-E.RASE-E.BTE-E.CNAS-E.P1.TE.json,d2ca08a92f1bba3c23f299b63b1bec5ad6f1b627d8807a1bb66ed2bdf120ef68,修复后主表批定稿（main-e）
linksign,BitcoinOTC,80,5,0,1,—,results/e1a_tailfill/raw_base/linksign/BitcoinOTC/SignDyGFormer_seed42.NN-80.LF-5.RAS-E.RASE-E.BTE-E.CNAS-E.P1.TE.json,51331020bdc6c553dc8891ff13a8936601698867fd39bd5bbe60852d9e91ceb5,修复后主表批定稿（main-e）
sign,WikiVote,40,15,0,1,20000,results/sign_valthr/raw/WikiVote/SignDyGFormer_seed42.NN-40.LF-15.RAS-E.RASE-E.BTE-E.CNAS-E.P1.TE.json,dceec0ed230054254550cddce2d305b3d19e66789263e277a561894cd3f08232,修复后 5 种子复核批定稿（nh5/main）
sign,RedditHyperlinkTitle,100,1,0,1,20000,results/sign_valthr/raw/RedditHyperlinkTitle/SignDyGFormer_seed42.NN-100.LF-1.RAS-E.RASE-E.BTE-E.CNAS-E.P1.TE.json,f56fecd1bedc3690980b178b41b3c722ac4c2de986be048e30119c75d5763062,ⓓ 候选 100/3 5 种子 n.s.（09-14）→ 未换装；定稿 = 修复后复核批
sign,RedditHyperlinkBody,60,1,0,1,20000,results/sign_valthr/raw/RedditHyperlinkBody/SignDyGFormer_seed42.NN-60.LF-1.RAS-E.RASE-E.BTE-E.CNAS-E.P1.TE.json,fe64c5c5ca2228b4b5ad29521428989e7eea558851823d86239f39d7899d982d,ⓓ 候选 40/1 5 种子 n.s.（09-14）→ 未换装；定稿 = 修复后复核批
sign,BitcoinAlpha,40,15,0,1,—,results/sign_valthr/raw/BitcoinAlpha/SignDyGFormer_seed42.NN-40.LF-15.RAS-E.RASE-E.BTE-E.CNAS-E.P1.TE.json,4ceb6c67c34925932956101ab14649509fd2c08cadb464feb0fbd0987b53323d,修复后 5 种子复核批定稿（main-d）
sign,BitcoinOTC,40,15,0,1,—,results/sign_valthr/raw/BitcoinOTC/SignDyGFormer_seed42.NN-40.LF-15.RAS-E.RASE-E.BTE-E.CNAS-E.P1.TE.json,0d42effed1d462f7bea8acf228d365e93e9848ef9182f040bd21cbd71a5613b4,09-14 用户拍板换装 60/10→40/15（0.8775±0.0054 vs 0.8696±0.0048，配对 Δ+0.0079、t=3.16）；09-17 同步进 TASK 表
