task,method,dataset,metric,mean,std,n
linksign,gcn,WikiVote,acc,0.368386,0.126710,5
linksign,gcn,WikiVote,ap,0.333333,0.000000,5
linksign,gcn,WikiVote,auc,0.500000,0.000000,5
linksign,gcn,WikiVote,auc_macro,0.500000,0.000000,5
linksign,gcn,WikiVote,balanced_acc,0.333333,0.000000,5
linksign,gcn,WikiVote,exist_f1,0.400000,0.326599,5
linksign,gcn,WikiVote,f1_macro,0.175036,0.048102,5
linksign,gcn,WikiVote,f1_micro,0.368386,0.126710,5
linksign,gcn,WikiVote,f1_weighted,0.211664,0.110275,5
linksign,gcn,WikiVote,mcc,0.000000,0.000000,5
linksign,gcn,WikiVote,precision_exist,0.300000,0.244949,5
linksign,gcn,WikiVote,precision_pos,0.136772,0.167510,5
linksign,gcn,WikiVote,recall_exist,0.600000,0.489898,5
linksign,gcn,WikiVote,recall_pos,0.400000,0.489898,5
linksign,gcn,WikiVote,sign_f1,0.324901,0.397921,5
linksign,gcn,RedditHyperlinkTitle,acc,0.388124,0.166503,5
linksign,gcn,RedditHyperlinkTitle,ap,0.333333,0.000000,5
linksign,gcn,RedditHyperlinkTitle,auc,0.500000,0.000000,5
linksign,gcn,RedditHyperlinkTitle,auc_macro,0.500000,0.000000,5
linksign,gcn,RedditHyperlinkTitle,balanced_acc,0.333333,0.000000,5
linksign,gcn,RedditHyperlinkTitle,exist_f1,0.400000,0.326599,5
linksign,gcn,RedditHyperlinkTitle,f1_macro,0.177924,0.070754,5
linksign,gcn,RedditHyperlinkTitle,f1_micro,0.388124,0.166503,5
linksign,gcn,RedditHyperlinkTitle,f1_weighted,0.242477,0.121314,5
linksign,gcn,RedditHyperlinkTitle,mcc,0.000000,0.000000,5
linksign,gcn,RedditHyperlinkTitle,precision_exist,0.300000,0.244949,5
linksign,gcn,RedditHyperlinkTitle,precision_pos,0.176248,0.215859,5
linksign,gcn,RedditHyperlinkTitle,recall_exist,0.600000,0.489898,5
linksign,gcn,RedditHyperlinkTitle,recall_pos,0.400000,0.489898,5
linksign,gcn,RedditHyperlinkTitle,sign_f1,0.374749,0.458971,5
linksign,gcn,RedditHyperlinkBody,acc,0.393049,0.179820,5
linksign,gcn,RedditHyperlinkBody,ap,0.333333,0.000000,5
linksign,gcn,RedditHyperlinkBody,auc,0.500000,0.000000,5
linksign,gcn,RedditHyperlinkBody,auc_macro,0.500000,0.000000,5
linksign,gcn,RedditHyperlinkBody,balanced_acc,0.333333,0.000000,5
linksign,gcn,RedditHyperlinkBody,exist_f1,0.400000,0.326599,5
linksign,gcn,RedditHyperlinkBody,f1_macro,0.178039,0.077967,5
linksign,gcn,RedditHyperlinkBody,f1_micro,0.393049,0.179820,5
linksign,gcn,RedditHyperlinkBody,f1_weighted,0.251980,0.125967,5
linksign,gcn,RedditHyperlinkBody,mcc,0.000000,0.000000,5
linksign,gcn,RedditHyperlinkBody,precision_exist,0.300000,0.244949,5
linksign,gcn,RedditHyperlinkBody,precision_pos,0.186098,0.227923,5
linksign,gcn,RedditHyperlinkBody,recall_exist,0.600000,0.489898,5
linksign,gcn,RedditHyperlinkBody,recall_pos,0.400000,0.489898,5
linksign,gcn,RedditHyperlinkBody,sign_f1,0.385598,0.472259,5
linksign,gcn,BitcoinAlpha,acc,0.420641,0.064797,5
linksign,gcn,BitcoinAlpha,ap,0.333333,0.000000,5
linksign,gcn,BitcoinAlpha,auc,0.500000,0.000000,5
linksign,gcn,BitcoinAlpha,auc_macro,0.500000,0.000000,5
linksign,gcn,BitcoinAlpha,balanced_acc,0.333333,0.000000,5
linksign,gcn,BitcoinAlpha,exist_f1,0.400000,0.326599,5
linksign,gcn,BitcoinAlpha,f1_macro,0.196434,0.021056,5
linksign,gcn,BitcoinAlpha,f1_micro,0.420641,0.064797,5
linksign,gcn,BitcoinAlpha,f1_weighted,0.251978,0.066426,5
linksign,gcn,BitcoinAlpha,mcc,0.000000,0.000000,5
linksign,gcn,BitcoinAlpha,precision_exist,0.300000,0.244949,5
linksign,gcn,BitcoinAlpha,precision_pos,0.220641,0.180152,5
linksign,gcn,BitcoinAlpha,recall_exist,0.600000,0.489898,5
linksign,gcn,BitcoinAlpha,recall_pos,0.600000,0.489898,5
linksign,gcn,BitcoinAlpha,sign_f1,0.508544,0.415225,5
linksign,gcn,BitcoinOTC,acc,0.314278,0.200023,5
linksign,gcn,BitcoinOTC,ap,0.333333,0.000000,5
linksign,gcn,BitcoinOTC,auc,0.500000,0.000000,5
linksign,gcn,BitcoinOTC,auc_macro,0.500000,0.000000,5
linksign,gcn,BitcoinOTC,balanced_acc,0.333333,0.000000,5
linksign,gcn,BitcoinOTC,exist_f1,0.400000,0.326599,5
linksign,gcn,BitcoinOTC,f1_macro,0.146660,0.083870,5
linksign,gcn,BitcoinOTC,f1_micro,0.314278,0.200023,5
linksign,gcn,BitcoinOTC,f1_weighted,0.188575,0.148824,5
linksign,gcn,BitcoinOTC,mcc,0.000000,0.000000,5
linksign,gcn,BitcoinOTC,precision_exist,0.300000,0.244949,5
linksign,gcn,BitcoinOTC,precision_pos,0.085722,0.171444,5
linksign,gcn,BitcoinOTC,recall_exist,0.600000,0.489898,5
linksign,gcn,BitcoinOTC,recall_pos,0.200000,0.400000,5
linksign,gcn,BitcoinOTC,sign_f1,0.184624,0.369248,5
linksign,sgcn,WikiVote,acc,0.522350,0.000191,5
linksign,sgcn,WikiVote,ap,0.351451,0.000216,5
linksign,sgcn,WikiVote,auc,0.520253,0.000171,5
linksign,sgcn,WikiVote,auc_macro,0.513901,0.000156,5
linksign,sgcn,WikiVote,balanced_acc,0.355150,0.000127,5
linksign,sgcn,WikiVote,exist_f1,0.085908,0.000031,5
linksign,sgcn,WikiVote,f1_macro,0.266625,0.000079,5
linksign,sgcn,WikiVote,f1_micro,0.522350,0.000191,5
linksign,sgcn,WikiVote,f1_weighted,0.380468,0.000108,5
linksign,sgcn,WikiVote,mcc,0.158307,0.001626,5
linksign,sgcn,WikiVote,precision_exist,0.995833,0.008333,5
linksign,sgcn,WikiVote,precision_pos,0.995833,0.008333,5
linksign,sgcn,WikiVote,recall_exist,0.044890,0.000000,5
linksign,sgcn,WikiVote,recall_pos,0.065642,0.000000,5
linksign,sgcn,WikiVote,sign_f1,0.123198,0.000000,5
linksign,sgcn,RedditHyperlinkTitle,acc,0.622018,0.018103,5
linksign,sgcn,RedditHyperlinkTitle,ap,0.432707,0.002273,5
linksign,sgcn,RedditHyperlinkTitle,auc,0.667084,0.001229,5
linksign,sgcn,RedditHyperlinkTitle,auc_macro,0.644622,0.001336,5
linksign,sgcn,RedditHyperlinkTitle,balanced_acc,0.458164,0.005353,5
linksign,sgcn,RedditHyperlinkTitle,exist_f1,0.522811,0.021680,5
linksign,sgcn,RedditHyperlinkTitle,f1_macro,0.427816,0.011638,5
linksign,sgcn,RedditHyperlinkTitle,f1_micro,0.622018,0.018103,5
linksign,sgcn,RedditHyperlinkTitle,f1_weighted,0.564835,0.024255,5
linksign,sgcn,RedditHyperlinkTitle,mcc,0.363382,0.024651,5
linksign,sgcn,RedditHyperlinkTitle,precision_exist,0.978254,0.008597,5
linksign,sgcn,RedditHyperlinkTitle,precision_pos,0.875485,0.015647,5
linksign,sgcn,RedditHyperlinkTitle,recall_exist,0.357120,0.020389,5
linksign,sgcn,RedditHyperlinkTitle,recall_pos,0.271079,0.048146,5
linksign,sgcn,RedditHyperlinkTitle,sign_f1,0.413878,0.056235,5
linksign,sgcn,RedditHyperlinkBody,acc,0.657924,0.018109,5
linksign,sgcn,RedditHyperlinkBody,ap,0.449049,0.000594,5
linksign,sgcn,RedditHyperlinkBody,auc,0.689827,0.000277,5
linksign,sgcn,RedditHyperlinkBody,auc_macro,0.666978,0.000186,5
linksign,sgcn,RedditHyperlinkBody,balanced_acc,0.486017,0.008593,5
linksign,sgcn,RedditHyperlinkBody,exist_f1,0.575852,0.000303,5
linksign,sgcn,RedditHyperlinkBody,f1_macro,0.461393,0.009547,5
linksign,sgcn,RedditHyperlinkBody,f1_micro,0.657924,0.018109,5
linksign,sgcn,RedditHyperlinkBody,f1_weighted,0.620020,0.019982,5
linksign,sgcn,RedditHyperlinkBody,mcc,0.418655,0.021813,5
linksign,sgcn,RedditHyperlinkBody,precision_exist,0.956328,0.001670,5
linksign,sgcn,RedditHyperlinkBody,precision_pos,0.904418,0.010127,5
linksign,sgcn,RedditHyperlinkBody,recall_exist,0.411956,0.000000,5
linksign,sgcn,RedditHyperlinkBody,recall_pos,0.350199,0.043195,5
linksign,sgcn,RedditHyperlinkBody,sign_f1,0.508844,0.046007,5
linksign,sgcn,BitcoinAlpha,acc,0.500000,0.000000,5
linksign,sgcn,BitcoinAlpha,ap,0.333333,0.000000,5
linksign,sgcn,BitcoinAlpha,auc,0.500000,0.000000,5
linksign,sgcn,BitcoinAlpha,auc_macro,0.500000,0.000000,5
linksign,sgcn,BitcoinAlpha,balanced_acc,0.333333,0.000000,5
linksign,sgcn,BitcoinAlpha,exist_f1,0.000000,0.000000,5
linksign,sgcn,BitcoinAlpha,f1_macro,0.222222,0.000000,5
linksign,sgcn,BitcoinAlpha,f1_micro,0.500000,0.000000,5
linksign,sgcn,BitcoinAlpha,f1_weighted,0.333333,0.000000,5
linksign,sgcn,BitcoinAlpha,mcc,0.000000,0.000000,5
linksign,sgcn,BitcoinAlpha,precision_exist,0.000000,0.000000,5
linksign,sgcn,BitcoinAlpha,precision_pos,0.000000,0.000000,5
linksign,sgcn,BitcoinAlpha,recall_exist,0.000000,0.000000,5
linksign,sgcn,BitcoinAlpha,recall_pos,0.000000,0.000000,5
linksign,sgcn,BitcoinAlpha,sign_f1,0.000000,0.000000,5
linksign,sgcn,BitcoinOTC,acc,0.590499,0.038819,5
linksign,sgcn,BitcoinOTC,ap,0.476967,0.004821,5
linksign,sgcn,BitcoinOTC,auc,0.692505,0.002238,5
linksign,sgcn,BitcoinOTC,auc_macro,0.679522,0.002876,5
linksign,sgcn,BitcoinOTC,balanced_acc,0.473977,0.035151,5
linksign,sgcn,BitcoinOTC,exist_f1,0.469767,0.117175,5
linksign,sgcn,BitcoinOTC,f1_macro,0.423108,0.058121,5
linksign,sgcn,BitcoinOTC,f1_micro,0.590499,0.038819,5
linksign,sgcn,BitcoinOTC,f1_weighted,0.512828,0.074508,5
linksign,sgcn,BitcoinOTC,mcc,0.319485,0.078280,5
linksign,sgcn,BitcoinOTC,precision_exist,0.967886,0.022319,5
linksign,sgcn,BitcoinOTC,precision_pos,0.733210,0.366622,5
linksign,sgcn,BitcoinOTC,recall_exist,0.318259,0.094123,5
linksign,sgcn,BitcoinOTC,recall_pos,0.183158,0.093148,5
linksign,sgcn,BitcoinOTC,sign_f1,0.292981,0.148019,5
linksign,sigat,WikiVote,acc,0.505826,0.000822,5
linksign,sigat,WikiVote,ap,0.349598,0.001014,5
linksign,sigat,WikiVote,auc,0.516444,0.001177,5
linksign,sigat,WikiVote,auc_macro,0.510666,0.001047,5
linksign,sigat,WikiVote,balanced_acc,0.339572,0.000548,5
linksign,sigat,WikiVote,exist_f1,0.069802,0.000110,5
linksign,sigat,WikiVote,f1_macro,0.238954,0.000258,5
linksign,sigat,WikiVote,f1_micro,0.505826,0.000822,5
linksign,sigat,WikiVote,f1_weighted,0.351530,0.000380,5
linksign,sigat,WikiVote,mcc,0.072292,0.005375,5
linksign,sigat,WikiVote,precision_exist,0.910661,0.038186,5
linksign,sigat,WikiVote,precision_pos,0.944892,0.057735,5
linksign,sigat,WikiVote,recall_exist,0.036294,0.000000,5
linksign,sigat,WikiVote,recall_pos,0.022346,0.000000,5
linksign,sigat,WikiVote,sign_f1,0.043716,0.000000,5
linksign,sigat,RedditHyperlinkTitle,acc,0.629427,0.005951,5
linksign,sigat,RedditHyperlinkTitle,ap,0.451843,0.000617,5
linksign,sigat,RedditHyperlinkTitle,auc,0.693933,0.000807,5
linksign,sigat,RedditHyperlinkTitle,auc_macro,0.667595,0.000665,5
linksign,sigat,RedditHyperlinkTitle,balanced_acc,0.489131,0.004163,5
linksign,sigat,RedditHyperlinkTitle,exist_f1,0.578899,0.013580,5
linksign,sigat,RedditHyperlinkTitle,f1_macro,0.456915,0.006505,5
linksign,sigat,RedditHyperlinkTitle,f1_micro,0.629427,0.005951,5
linksign,sigat,RedditHyperlinkTitle,f1_weighted,0.581117,0.009545,5
linksign,sigat,RedditHyperlinkTitle,mcc,0.383940,0.008753,5
linksign,sigat,RedditHyperlinkTitle,precision_exist,0.976041,0.007612,5
linksign,sigat,RedditHyperlinkTitle,precision_pos,0.885531,0.013151,5
linksign,sigat,RedditHyperlinkTitle,recall_exist,0.411666,0.014255,5
linksign,sigat,RedditHyperlinkTitle,recall_pos,0.278473,0.016573,5
linksign,sigat,RedditHyperlinkTitle,sign_f1,0.426823,0.019324,5
linksign,sigat,RedditHyperlinkBody,acc,0.652224,0.003399,5
linksign,sigat,RedditHyperlinkBody,ap,0.478961,0.000570,5
linksign,sigat,RedditHyperlinkBody,auc,0.718583,0.000893,5
linksign,sigat,RedditHyperlinkBody,auc_macro,0.695871,0.000714,5
linksign,sigat,RedditHyperlinkBody,balanced_acc,0.517583,0.005730,5
linksign,sigat,RedditHyperlinkBody,exist_f1,0.574056,0.000808,5
linksign,sigat,RedditHyperlinkBody,f1_macro,0.482323,0.002344,5
linksign,sigat,RedditHyperlinkBody,f1_micro,0.652224,0.003399,5
linksign,sigat,RedditHyperlinkBody,f1_weighted,0.612870,0.003929,5
linksign,sigat,RedditHyperlinkBody,mcc,0.418987,0.005044,5
linksign,sigat,RedditHyperlinkBody,precision_exist,0.967727,0.005545,5
linksign,sigat,RedditHyperlinkBody,precision_pos,0.928094,0.005912,5
linksign,sigat,RedditHyperlinkBody,recall_exist,0.408063,0.000371,5
linksign,sigat,RedditHyperlinkBody,recall_pos,0.323705,0.007949,5
linksign,sigat,RedditHyperlinkBody,sign_f1,0.484219,0.008335,5
linksign,sigat,BitcoinAlpha,acc,0.500000,0.000000,5
linksign,sigat,BitcoinAlpha,ap,0.333333,0.000000,5
linksign,sigat,BitcoinAlpha,auc,0.500000,0.000000,5
linksign,sigat,BitcoinAlpha,auc_macro,0.500000,0.000000,5
linksign,sigat,BitcoinAlpha,balanced_acc,0.333333,0.000000,5
linksign,sigat,BitcoinAlpha,exist_f1,0.000000,0.000000,5
linksign,sigat,BitcoinAlpha,f1_macro,0.222222,0.000000,5
linksign,sigat,BitcoinAlpha,f1_micro,0.500000,0.000000,5
linksign,sigat,BitcoinAlpha,f1_weighted,0.333333,0.000000,5
linksign,sigat,BitcoinAlpha,mcc,0.000000,0.000000,5
linksign,sigat,BitcoinAlpha,precision_exist,0.000000,0.000000,5
linksign,sigat,BitcoinAlpha,precision_pos,0.000000,0.000000,5
linksign,sigat,BitcoinAlpha,recall_exist,0.000000,0.000000,5
linksign,sigat,BitcoinAlpha,recall_pos,0.000000,0.000000,5
linksign,sigat,BitcoinAlpha,sign_f1,0.000000,0.000000,5
linksign,sigat,BitcoinOTC,acc,0.572558,0.017908,5
linksign,sigat,BitcoinOTC,ap,0.480282,0.004998,5
linksign,sigat,BitcoinOTC,auc,0.684935,0.003626,5
linksign,sigat,BitcoinOTC,auc_macro,0.672804,0.003239,5
linksign,sigat,BitcoinOTC,balanced_acc,0.490081,0.007277,5
linksign,sigat,BitcoinOTC,exist_f1,0.515987,0.001866,5
linksign,sigat,BitcoinOTC,f1_macro,0.408518,0.027750,5
linksign,sigat,BitcoinOTC,f1_micro,0.572558,0.017908,5
linksign,sigat,BitcoinOTC,f1_weighted,0.484208,0.031628,5
linksign,sigat,BitcoinOTC,mcc,0.310558,0.022914,5
linksign,sigat,BitcoinOTC,precision_exist,0.972388,0.004692,5
linksign,sigat,BitcoinOTC,precision_pos,0.901537,0.005098,5
linksign,sigat,BitcoinOTC,recall_exist,0.351168,0.001524,5
linksign,sigat,BitcoinOTC,recall_pos,0.121115,0.046942,5
linksign,sigat,BitcoinOTC,sign_f1,0.211181,0.072617,5
linksign,tgn,WikiVote,acc,0.518720,0.006976,5
linksign,tgn,WikiVote,ap,0.354386,0.000904,5
linksign,tgn,WikiVote,auc,0.526121,0.002457,5
linksign,tgn,WikiVote,auc_macro,0.523031,0.004067,5
linksign,tgn,WikiVote,balanced_acc,0.351642,0.006828,5
linksign,tgn,WikiVote,exist_f1,0.085892,0.000038,5
linksign,tgn,WikiVote,f1_macro,0.260219,0.012720,5
linksign,tgn,WikiVote,f1_micro,0.518720,0.006976,5
linksign,tgn,WikiVote,f1_weighted,0.373884,0.013034,5
linksign,tgn,WikiVote,mcc,0.139910,0.034645,5
linksign,tgn,WikiVote,precision_exist,0.991667,0.010206,5
linksign,tgn,WikiVote,precision_pos,0.995833,0.008333,5
linksign,tgn,WikiVote,recall_exist,0.044890,0.000000,5
linksign,tgn,WikiVote,recall_pos,0.055307,0.020670,5
linksign,tgn,WikiVote,sign_f1,0.104068,0.038260,5
linksign,tgn,RedditHyperlinkTitle,acc,0.585129,0.027953,5
linksign,tgn,RedditHyperlinkTitle,ap,0.447198,0.001521,5
linksign,tgn,RedditHyperlinkTitle,auc,0.690199,0.002022,5
linksign,tgn,RedditHyperlinkTitle,auc_macro,0.662712,0.001623,5
linksign,tgn,RedditHyperlinkTitle,balanced_acc,0.474232,0.005635,5
linksign,tgn,RedditHyperlinkTitle,exist_f1,0.592266,0.001121,5
linksign,tgn,RedditHyperlinkTitle,f1_macro,0.405426,0.027816,5
linksign,tgn,RedditHyperlinkTitle,f1_micro,0.585129,0.027953,5
linksign,tgn,RedditHyperlinkTitle,f1_weighted,0.520003,0.040847,5
linksign,tgn,RedditHyperlinkTitle,mcc,0.329795,0.031608,5
linksign,tgn,RedditHyperlinkTitle,precision_exist,0.965136,0.005940,5
linksign,tgn,RedditHyperlinkTitle,precision_pos,0.853132,0.010566,5
linksign,tgn,RedditHyperlinkTitle,recall_exist,0.427220,0.000000,5
linksign,tgn,RedditHyperlinkTitle,recall_pos,0.175313,0.071784,5
linksign,tgn,RedditHyperlinkTitle,sign_f1,0.287095,0.095099,5
linksign,tgn,RedditHyperlinkBody,acc,0.646988,0.011395,5
linksign,tgn,RedditHyperlinkBody,ap,0.453811,0.006952,5
linksign,tgn,RedditHyperlinkBody,auc,0.698074,0.015066,5
linksign,tgn,RedditHyperlinkBody,auc_macro,0.656132,0.021333,5
linksign,tgn,RedditHyperlinkBody,balanced_acc,0.494500,0.008809,5
linksign,tgn,RedditHyperlinkBody,exist_f1,0.629840,0.002562,5
linksign,tgn,RedditHyperlinkBody,f1_macro,0.457312,0.004583,5
linksign,tgn,RedditHyperlinkBody,f1_micro,0.646988,0.011395,5
linksign,tgn,RedditHyperlinkBody,f1_weighted,0.618470,0.012910,5
linksign,tgn,RedditHyperlinkBody,mcc,0.407672,0.012241,5
linksign,tgn,RedditHyperlinkBody,precision_exist,0.940382,0.002559,5
linksign,tgn,RedditHyperlinkBody,precision_pos,0.890987,0.009692,5
linksign,tgn,RedditHyperlinkBody,recall_exist,0.473494,0.003242,5
linksign,tgn,RedditHyperlinkBody,recall_pos,0.334861,0.027684,5
linksign,tgn,RedditHyperlinkBody,sign_f1,0.492429,0.029361,5
linksign,tgn,BitcoinAlpha,acc,0.500000,0.000000,5
linksign,tgn,BitcoinAlpha,ap,0.333333,0.000000,5
linksign,tgn,BitcoinAlpha,auc,0.500000,0.000000,5
linksign,tgn,BitcoinAlpha,auc_macro,0.500000,0.000000,5
linksign,tgn,BitcoinAlpha,balanced_acc,0.333333,0.000000,5
linksign,tgn,BitcoinAlpha,exist_f1,0.000000,0.000000,5
linksign,tgn,BitcoinAlpha,f1_macro,0.222222,0.000000,5
linksign,tgn,BitcoinAlpha,f1_micro,0.500000,0.000000,5
linksign,tgn,BitcoinAlpha,f1_weighted,0.333333,0.000000,5
linksign,tgn,BitcoinAlpha,mcc,0.000000,0.000000,5
linksign,tgn,BitcoinAlpha,precision_exist,0.000000,0.000000,5
linksign,tgn,BitcoinAlpha,precision_pos,0.000000,0.000000,5
linksign,tgn,BitcoinAlpha,recall_exist,0.000000,0.000000,5
linksign,tgn,BitcoinAlpha,recall_pos,0.000000,0.000000,5
linksign,tgn,BitcoinAlpha,sign_f1,0.000000,0.000000,5
linksign,tgn,BitcoinOTC,acc,0.647771,0.015856,5
linksign,tgn,BitcoinOTC,ap,0.494234,0.006107,5
linksign,tgn,BitcoinOTC,auc,0.691537,0.006455,5
linksign,tgn,BitcoinOTC,auc_macro,0.674250,0.006928,5
linksign,tgn,BitcoinOTC,balanced_acc,0.499686,0.018342,5
linksign,tgn,BitcoinOTC,exist_f1,0.536090,0.051345,5
linksign,tgn,BitcoinOTC,f1_macro,0.496204,0.022059,5
linksign,tgn,BitcoinOTC,f1_micro,0.647771,0.015856,5
linksign,tgn,BitcoinOTC,f1_weighted,0.602801,0.024608,5
linksign,tgn,BitcoinOTC,mcc,0.403288,0.022206,5
linksign,tgn,BitcoinOTC,precision_exist,0.946325,0.018677,5
linksign,tgn,BitcoinOTC,precision_pos,0.873029,0.020880,5
linksign,tgn,BitcoinOTC,recall_exist,0.376433,0.050919,5
linksign,tgn,BitcoinOTC,recall_pos,0.340681,0.044629,5
linksign,tgn,BitcoinOTC,sign_f1,0.494433,0.047165,5
linksign,semba,WikiVote,acc,0.520535,0.001002,5
linksign,semba,WikiVote,ap,0.353034,0.000169,5
linksign,semba,WikiVote,auc,0.523191,0.000786,5
linksign,semba,WikiVote,auc_macro,0.521508,0.000837,5
linksign,semba,WikiVote,balanced_acc,0.353941,0.000668,5
linksign,semba,WikiVote,exist_f1,0.085611,0.000163,5
linksign,semba,WikiVote,f1_macro,0.265986,0.000408,5
linksign,semba,WikiVote,f1_micro,0.520535,0.001002,5
linksign,semba,WikiVote,f1_weighted,0.379555,0.000561,5
linksign,semba,WikiVote,mcc,0.144588,0.007608,5
linksign,semba,WikiVote,precision_exist,0.923060,0.036264,5
linksign,semba,WikiVote,precision_pos,0.960862,0.039220,5
linksign,semba,WikiVote,recall_exist,0.044890,0.000000,5
linksign,semba,WikiVote,recall_pos,0.065642,0.000000,5
linksign,semba,WikiVote,sign_f1,0.123198,0.000000,5
linksign,semba,RedditHyperlinkTitle,acc,0.617840,0.010180,4
linksign,semba,RedditHyperlinkTitle,ap,0.442839,0.002403,4
linksign,semba,RedditHyperlinkTitle,auc,0.677572,0.003098,4
linksign,semba,RedditHyperlinkTitle,auc_macro,0.651200,0.003932,4
linksign,semba,RedditHyperlinkTitle,balanced_acc,0.484066,0.004420,4
linksign,semba,RedditHyperlinkTitle,exist_f1,0.589185,0.006004,4
linksign,semba,RedditHyperlinkTitle,f1_macro,0.444134,0.011995,4
linksign,semba,RedditHyperlinkTitle,f1_micro,0.617840,0.010180,4
linksign,semba,RedditHyperlinkTitle,f1_weighted,0.568203,0.013902,4
linksign,semba,RedditHyperlinkTitle,mcc,0.367169,0.011571,4
linksign,semba,RedditHyperlinkTitle,precision_exist,0.967001,0.004924,4
linksign,semba,RedditHyperlinkTitle,precision_pos,0.865923,0.002509,4
linksign,semba,RedditHyperlinkTitle,recall_exist,0.423673,0.005553,4
linksign,semba,RedditHyperlinkTitle,recall_pos,0.255367,0.027210,4
linksign,semba,RedditHyperlinkTitle,sign_f1,0.397894,0.033780,4
linksign,semba,RedditHyperlinkBody,acc,0.660287,0.020754,5
linksign,semba,RedditHyperlinkBody,ap,0.452595,0.008790,5
linksign,semba,RedditHyperlinkBody,auc,0.685406,0.017179,5
linksign,semba,RedditHyperlinkBody,auc_macro,0.647771,0.029505,5
linksign,semba,RedditHyperlinkBody,balanced_acc,0.510946,0.014270,5
linksign,semba,RedditHyperlinkBody,exist_f1,0.625337,0.009833,5
linksign,semba,RedditHyperlinkBody,f1_macro,0.475439,0.012575,5
linksign,semba,RedditHyperlinkBody,f1_micro,0.660287,0.020754,5
linksign,semba,RedditHyperlinkBody,f1_weighted,0.630026,0.023644,5
linksign,semba,RedditHyperlinkBody,mcc,0.425918,0.022278,5
linksign,semba,RedditHyperlinkBody,precision_exist,0.945256,0.005289,5
linksign,semba,RedditHyperlinkBody,precision_pos,0.892351,0.009568,5
linksign,semba,RedditHyperlinkBody,recall_exist,0.467285,0.010488,5
linksign,semba,RedditHyperlinkBody,recall_pos,0.358566,0.052569,5
linksign,semba,RedditHyperlinkBody,sign_f1,0.517406,0.055112,5
linksign,semba,BitcoinAlpha,acc,0.500000,0.000000,5
linksign,semba,BitcoinAlpha,ap,0.333333,0.000000,5
linksign,semba,BitcoinAlpha,auc,0.500000,0.000000,5
linksign,semba,BitcoinAlpha,auc_macro,0.500000,0.000000,5
linksign,semba,BitcoinAlpha,balanced_acc,0.333333,0.000000,5
linksign,semba,BitcoinAlpha,exist_f1,0.000000,0.000000,5
linksign,semba,BitcoinAlpha,f1_macro,0.222222,0.000000,5
linksign,semba,BitcoinAlpha,f1_micro,0.500000,0.000000,5
linksign,semba,BitcoinAlpha,f1_weighted,0.333333,0.000000,5
linksign,semba,BitcoinAlpha,mcc,0.000000,0.000000,5
linksign,semba,BitcoinAlpha,precision_exist,0.000000,0.000000,5
linksign,semba,BitcoinAlpha,precision_pos,0.000000,0.000000,5
linksign,semba,BitcoinAlpha,recall_exist,0.000000,0.000000,5
linksign,semba,BitcoinAlpha,recall_pos,0.000000,0.000000,5
linksign,semba,BitcoinAlpha,sign_f1,0.000000,0.000000,5
linksign,semba,BitcoinOTC,acc,0.634342,0.019582,5
linksign,semba,BitcoinOTC,ap,0.486037,0.008363,5
linksign,semba,BitcoinOTC,auc,0.681133,0.006863,5
linksign,semba,BitcoinOTC,auc_macro,0.663444,0.006252,5
linksign,semba,BitcoinOTC,balanced_acc,0.511284,0.012976,5
linksign,semba,BitcoinOTC,exist_f1,0.570437,0.019281,5
linksign,semba,BitcoinOTC,f1_macro,0.485942,0.020183,5
linksign,semba,BitcoinOTC,f1_micro,0.634342,0.019582,5
linksign,semba,BitcoinOTC,f1_weighted,0.587083,0.025026,5
linksign,semba,BitcoinOTC,mcc,0.391917,0.023552,5
linksign,semba,BitcoinOTC,precision_exist,0.951058,0.009078,5
linksign,semba,BitcoinOTC,precision_pos,0.877764,0.017284,5
linksign,semba,BitcoinOTC,recall_exist,0.407856,0.021334,5
linksign,semba,BitcoinOTC,recall_pos,0.294861,0.054717,5
linksign,semba,BitcoinOTC,sign_f1,0.443680,0.061762,5
linksign,DyGFormer,WikiVote,acc,0.915900,0.002796,5
linksign,DyGFormer,WikiVote,ap,0.833500,0.002462,5
linksign,DyGFormer,WikiVote,auc,0.967420,0.000614,5
linksign,DyGFormer,WikiVote,exist_f1,0.666920,0.000299,5
linksign,DyGFormer,WikiVote,exist_precision,0.500300,0.000369,5
linksign,DyGFormer,WikiVote,exist_recall,1.000000,0.000000,5
linksign,DyGFormer,WikiVote,f1_mac,0.804760,0.004997,5
linksign,DyGFormer,WikiVote,f1_mic,0.915900,0.002796,5
linksign,DyGFormer,WikiVote,f1_wt,0.915260,0.002069,5
linksign,DyGFormer,WikiVote,sign_f1,0.884900,0.004707,5
linksign,DyGFormer,RedditHyperlinkTitle,acc,0.893540,0.009191,5
linksign,DyGFormer,RedditHyperlinkTitle,ap,0.707320,0.002593,5
linksign,DyGFormer,RedditHyperlinkTitle,auc,0.934520,0.001564,5
linksign,DyGFormer,RedditHyperlinkTitle,exist_f1,0.666740,0.000080,5
linksign,DyGFormer,RedditHyperlinkTitle,exist_precision,0.500060,0.000120,5
linksign,DyGFormer,RedditHyperlinkTitle,exist_recall,1.000000,0.000000,5
linksign,DyGFormer,RedditHyperlinkTitle,f1_mac,0.683800,0.002095,5
linksign,DyGFormer,RedditHyperlinkTitle,f1_mic,0.893540,0.009191,5
linksign,DyGFormer,RedditHyperlinkTitle,f1_wt,0.899060,0.004800,5
linksign,DyGFormer,RedditHyperlinkTitle,sign_f1,0.876960,0.012640,5
linksign,DyGFormer,RedditHyperlinkBody,acc,0.941180,0.011551,5
linksign,DyGFormer,RedditHyperlinkBody,ap,0.700060,0.005206,5
linksign,DyGFormer,RedditHyperlinkBody,auc,0.930960,0.005609,5
linksign,DyGFormer,RedditHyperlinkBody,exist_f1,0.670280,0.005030,5
linksign,DyGFormer,RedditHyperlinkBody,exist_precision,0.504400,0.005835,5
linksign,DyGFormer,RedditHyperlinkBody,exist_recall,0.999120,0.000705,5
linksign,DyGFormer,RedditHyperlinkBody,f1_mac,0.693840,0.005327,5
linksign,DyGFormer,RedditHyperlinkBody,f1_mic,0.941180,0.011551,5
linksign,DyGFormer,RedditHyperlinkBody,f1_wt,0.941020,0.005585,5
linksign,DyGFormer,RedditHyperlinkBody,sign_f1,0.936600,0.013524,5
linksign,DyGFormer,BitcoinAlpha,acc,0.926040,0.005007,5
linksign,DyGFormer,BitcoinAlpha,ap,0.817480,0.007555,5
linksign,DyGFormer,BitcoinAlpha,auc,0.961720,0.001880,5
linksign,DyGFormer,BitcoinAlpha,exist_f1,0.666700,0.000000,5
linksign,DyGFormer,BitcoinAlpha,exist_precision,0.500020,0.000040,5
linksign,DyGFormer,BitcoinAlpha,exist_recall,0.999940,0.000120,5
linksign,DyGFormer,BitcoinAlpha,f1_mac,0.780740,0.012972,5
linksign,DyGFormer,BitcoinAlpha,f1_mic,0.926040,0.005007,5
linksign,DyGFormer,BitcoinAlpha,f1_wt,0.923400,0.003348,5
linksign,DyGFormer,BitcoinAlpha,sign_f1,0.912720,0.007047,5
linksign,DyGFormer,BitcoinOTC,acc,0.945100,0.002157,5
linksign,DyGFormer,BitcoinOTC,ap,0.833800,0.005881,5
linksign,DyGFormer,BitcoinOTC,auc,0.969680,0.001818,5
linksign,DyGFormer,BitcoinOTC,exist_f1,0.666700,0.000000,5
linksign,DyGFormer,BitcoinOTC,exist_precision,0.500000,0.000000,5
linksign,DyGFormer,BitcoinOTC,exist_recall,1.000000,0.000000,5
linksign,DyGFormer,BitcoinOTC,f1_mac,0.774940,0.012805,5
linksign,DyGFormer,BitcoinOTC,f1_mic,0.945100,0.002157,5
linksign,DyGFormer,BitcoinOTC,f1_wt,0.934800,0.003637,5
linksign,DyGFormer,BitcoinOTC,sign_f1,0.937500,0.002386,5
linksign,ours,WikiVote,acc,0.906440,0.002304,5
linksign,ours,WikiVote,ap,0.816200,0.003005,5
linksign,ours,WikiVote,auc,0.961220,0.000483,5
linksign,ours,WikiVote,exist_f1,0.666840,0.000136,5
linksign,ours,WikiVote,exist_precision,0.500280,0.000172,5
linksign,ours,WikiVote,exist_recall,0.999800,0.000276,5
linksign,ours,WikiVote,f1_mac,0.796120,0.008983,5
linksign,ours,WikiVote,f1_mic,0.906440,0.002304,5
linksign,ours,WikiVote,f1_wt,0.907000,0.002411,5
linksign,ours,WikiVote,sign_f1,0.871500,0.004383,5
linksign,ours,RedditHyperlinkTitle,acc,0.894960,0.005479,5
linksign,ours,RedditHyperlinkTitle,ap,0.718420,0.000440,5
linksign,ours,RedditHyperlinkTitle,auc,0.939080,0.000703,5
linksign,ours,RedditHyperlinkTitle,exist_f1,0.666980,0.000392,5
linksign,ours,RedditHyperlinkTitle,exist_precision,0.500360,0.000459,5
linksign,ours,RedditHyperlinkTitle,exist_recall,1.000000,0.000000,5
linksign,ours,RedditHyperlinkTitle,f1_mac,0.697940,0.002764,5
linksign,ours,RedditHyperlinkTitle,f1_mic,0.894960,0.005479,5
linksign,ours,RedditHyperlinkTitle,f1_wt,0.902040,0.002651,5
linksign,ours,RedditHyperlinkTitle,sign_f1,0.877860,0.007678,5
linksign,ours,RedditHyperlinkBody,acc,0.940260,0.003296,5
linksign,ours,RedditHyperlinkBody,ap,0.688360,0.004261,5
linksign,ours,RedditHyperlinkBody,auc,0.923540,0.004482,5
linksign,ours,RedditHyperlinkBody,exist_f1,0.674500,0.006460,5
linksign,ours,RedditHyperlinkBody,exist_precision,0.509080,0.007540,5
linksign,ours,RedditHyperlinkBody,exist_recall,0.999560,0.000445,5
linksign,ours,RedditHyperlinkBody,f1_mac,0.672820,0.004384,5
linksign,ours,RedditHyperlinkBody,f1_mic,0.940260,0.003296,5
linksign,ours,RedditHyperlinkBody,f1_wt,0.938920,0.001254,5
linksign,ours,RedditHyperlinkBody,sign_f1,0.936120,0.003916,5
linksign,ours,BitcoinAlpha,acc,0.931080,0.004800,5
linksign,ours,BitcoinAlpha,ap,0.810000,0.007930,5
linksign,ours,BitcoinAlpha,auc,0.957380,0.001914,5
linksign,ours,BitcoinAlpha,auc_wt,0.982400,0.000000,1
linksign,ours,BitcoinAlpha,exist_f1,0.666700,0.000000,5
linksign,ours,BitcoinAlpha,exist_precision,0.500000,0.000000,5
linksign,ours,BitcoinAlpha,exist_recall,1.000000,0.000000,5
linksign,ours,BitcoinAlpha,f1_mac,0.770180,0.004769,5
linksign,ours,BitcoinAlpha,f1_mic,0.931080,0.004800,5
linksign,ours,BitcoinAlpha,f1_wt,0.923380,0.002506,5
linksign,ours,BitcoinAlpha,mcc,0.887800,0.000000,1
linksign,ours,BitcoinAlpha,precision_neg,0.620100,0.000000,1
linksign,ours,BitcoinAlpha,precision_pos,0.890200,0.000000,1
linksign,ours,BitcoinAlpha,recall_neg,0.315900,0.000000,1
linksign,ours,BitcoinAlpha,recall_pos,0.968000,0.000000,1
linksign,ours,BitcoinAlpha,sign_f1,0.920540,0.006128,5
linksign,ours,BitcoinAlpha,thr_exist,0.010000,0.000000,1
linksign,ours,BitcoinAlpha,thr_sign,0.130000,0.000000,1
linksign,ours,BitcoinOTC,acc,0.952340,0.003178,5
linksign,ours,BitcoinOTC,ap,0.858140,0.007385,5
linksign,ours,BitcoinOTC,auc,0.970760,0.002540,5
linksign,ours,BitcoinOTC,auc_wt,0.987200,0.000000,1
linksign,ours,BitcoinOTC,exist_f1,0.666740,0.000080,5
linksign,ours,BitcoinOTC,exist_precision,0.500060,0.000120,5
linksign,ours,BitcoinOTC,exist_recall,1.000000,0.000000,5
linksign,ours,BitcoinOTC,f1_mac,0.816080,0.007431,5
linksign,ours,BitcoinOTC,f1_mic,0.952340,0.003178,5
linksign,ours,BitcoinOTC,f1_wt,0.945820,0.003072,5
linksign,ours,BitcoinOTC,mcc,0.904600,0.000000,1
linksign,ours,BitcoinOTC,precision_neg,0.628400,0.000000,1
linksign,ours,BitcoinOTC,precision_pos,0.909600,0.000000,1
linksign,ours,BitcoinOTC,recall_neg,0.389100,0.000000,1
linksign,ours,BitcoinOTC,recall_pos,0.968500,0.000000,1
linksign,ours,BitcoinOTC,sign_f1,0.945180,0.003803,5
linksign,ours,BitcoinOTC,thr_exist,0.140000,0.000000,1
linksign,ours,BitcoinOTC,thr_sign,0.090000,0.000000,1
sign,gcn,WikiVote,acc,0.680420,0.006877,5
sign,gcn,WikiVote,ap,0.684034,0.016016,5
sign,gcn,WikiVote,auc,0.494274,0.029950,5
sign,gcn,WikiVote,balanced_acc,0.497486,0.005028,5
sign,gcn,WikiVote,f1_binary,0.809801,0.004901,5
sign,gcn,WikiVote,f1_macro,0.404901,0.002450,5
sign,gcn,WikiVote,f1_weighted,0.553790,0.003351,5
sign,gcn,WikiVote,mcc,-0.017985,0.035970,5
sign,gcn,WikiVote,precision,0.682753,0.002212,5
sign,gcn,WikiVote,recall,0.994972,0.010056,5
sign,gcn,WikiVote,threshold,0.430717,0.021757,5
sign,gcn,RedditHyperlinkTitle,acc,0.881030,0.000420,5
sign,gcn,RedditHyperlinkTitle,ap,0.884783,0.006870,5
sign,gcn,RedditHyperlinkTitle,auc,0.504457,0.021448,5
sign,gcn,RedditHyperlinkTitle,balanced_acc,0.499881,0.000239,5
sign,gcn,RedditHyperlinkTitle,f1_binary,0.936753,0.000238,5
sign,gcn,RedditHyperlinkTitle,f1_macro,0.468376,0.000119,5
sign,gcn,RedditHyperlinkTitle,f1_weighted,0.825504,0.000209,5
sign,gcn,RedditHyperlinkTitle,mcc,-0.002381,0.004763,5
sign,gcn,RedditHyperlinkTitle,precision,0.881215,0.000050,5
sign,gcn,RedditHyperlinkTitle,recall,0.999761,0.000477,5
sign,gcn,RedditHyperlinkTitle,threshold,0.391966,0.026002,5
sign,gcn,RedditHyperlinkBody,acc,0.930028,0.000414,5
sign,gcn,RedditHyperlinkBody,ap,0.930187,0.002110,5
sign,gcn,RedditHyperlinkBody,auc,0.495604,0.010457,5
sign,gcn,RedditHyperlinkBody,balanced_acc,0.500985,0.001423,5
sign,gcn,RedditHyperlinkBody,f1_binary,0.963738,0.000227,5
sign,gcn,RedditHyperlinkBody,f1_macro,0.484475,0.003138,5
sign,gcn,RedditHyperlinkBody,f1_weighted,0.897112,0.000388,5
sign,gcn,RedditHyperlinkBody,mcc,0.012193,0.018759,5
sign,gcn,RedditHyperlinkBody,precision,0.930619,0.000184,5
sign,gcn,RedditHyperlinkBody,recall,0.999303,0.000598,5
sign,gcn,RedditHyperlinkBody,threshold,0.379447,0.014436,5
sign,gcn,BitcoinAlpha,acc,0.735469,0.000000,5
sign,gcn,BitcoinAlpha,ap,0.735469,0.000000,5
sign,gcn,BitcoinAlpha,auc,0.500000,0.000000,5
sign,gcn,BitcoinAlpha,balanced_acc,0.500000,0.000000,5
sign,gcn,BitcoinAlpha,f1_binary,0.847573,0.000000,5
sign,gcn,BitcoinAlpha,f1_macro,0.423787,0.000000,5
sign,gcn,BitcoinAlpha,f1_weighted,0.623364,0.000000,5
sign,gcn,BitcoinAlpha,mcc,0.000000,0.000000,5
sign,gcn,BitcoinAlpha,precision,0.735469,0.000000,5
sign,gcn,BitcoinAlpha,recall,1.000000,0.000000,5
sign,gcn,BitcoinAlpha,threshold,0.372440,0.025596,5
sign,gcn,BitcoinOTC,acc,0.856582,0.000780,5
sign,gcn,BitcoinOTC,ap,0.861589,0.006516,5
sign,gcn,BitcoinOTC,auc,0.508605,0.002445,5
sign,gcn,BitcoinOTC,balanced_acc,0.499628,0.000455,5
sign,gcn,BitcoinOTC,f1_binary,0.922751,0.000453,5
sign,gcn,BitcoinOTC,f1_macro,0.461376,0.000226,5
sign,gcn,BitcoinOTC,f1_weighted,0.791000,0.000388,5
sign,gcn,BitcoinOTC,mcc,-0.007527,0.007043,5
sign,gcn,BitcoinOTC,precision,0.857128,0.000112,5
sign,gcn,BitcoinOTC,recall,0.999257,0.000910,5
sign,gcn,BitcoinOTC,threshold,0.344921,0.023461,5
sign,sgcn,WikiVote,acc,0.619293,0.129131,5
sign,sgcn,WikiVote,ap,0.699052,0.006015,5
sign,sgcn,WikiVote,auc,0.522207,0.011470,5
sign,sgcn,WikiVote,balanced_acc,0.506564,0.013128,5
sign,sgcn,WikiVote,f1_binary,0.674441,0.275622,5
sign,sgcn,WikiVote,f1_macro,0.386958,0.038337,5
sign,sgcn,WikiVote,f1_weighted,0.492670,0.125590,5
sign,sgcn,WikiVote,mcc,0.029481,0.058961,5
sign,sgcn,WikiVote,precision,0.747087,0.126457,5
sign,sgcn,WikiVote,recall,0.813128,0.373743,5
sign,sgcn,WikiVote,threshold,0.410670,0.025784,5
sign,sgcn,RedditHyperlinkTitle,acc,0.880820,0.000393,5
sign,sgcn,RedditHyperlinkTitle,ap,0.881896,0.008347,5
sign,sgcn,RedditHyperlinkTitle,auc,0.499160,0.020206,5
sign,sgcn,RedditHyperlinkTitle,balanced_acc,0.499761,0.000223,5
sign,sgcn,RedditHyperlinkTitle,f1_binary,0.936634,0.000222,5
sign,sgcn,RedditHyperlinkTitle,f1_macro,0.468317,0.000111,5
sign,sgcn,RedditHyperlinkTitle,f1_weighted,0.825399,0.000196,5
sign,sgcn,RedditHyperlinkTitle,mcc,-0.005748,0.004863,5
sign,sgcn,RedditHyperlinkTitle,precision,0.881190,0.000047,5
sign,sgcn,RedditHyperlinkTitle,recall,0.999523,0.000446,5
sign,sgcn,RedditHyperlinkTitle,threshold,0.399342,0.022575,5
sign,sgcn,RedditHyperlinkBody,acc,0.930213,0.000371,5
sign,sgcn,RedditHyperlinkBody,ap,0.933588,0.005220,5
sign,sgcn,RedditHyperlinkBody,auc,0.518174,0.020203,5
sign,sgcn,RedditHyperlinkBody,balanced_acc,0.499851,0.000199,5
sign,sgcn,RedditHyperlinkBody,f1_binary,0.963845,0.000199,5
sign,sgcn,RedditHyperlinkBody,f1_macro,0.481922,0.000100,5
sign,sgcn,RedditHyperlinkBody,f1_weighted,0.896849,0.000185,5
sign,sgcn,RedditHyperlinkBody,mcc,-0.002842,0.003565,5
sign,sgcn,RedditHyperlinkBody,precision,0.930472,0.000026,5
sign,sgcn,RedditHyperlinkBody,recall,0.999701,0.000398,5
sign,sgcn,RedditHyperlinkBody,threshold,0.383622,0.008930,5
sign,sgcn,BitcoinAlpha,acc,0.735469,0.000000,5
sign,sgcn,BitcoinAlpha,ap,0.735469,0.000000,5
sign,sgcn,BitcoinAlpha,auc,0.500000,0.000000,5
sign,sgcn,BitcoinAlpha,balanced_acc,0.500000,0.000000,5
sign,sgcn,BitcoinAlpha,f1_binary,0.847573,0.000000,5
sign,sgcn,BitcoinAlpha,f1_macro,0.423787,0.000000,5
sign,sgcn,BitcoinAlpha,f1_weighted,0.623364,0.000000,5
sign,sgcn,BitcoinAlpha,mcc,0.000000,0.000000,5
sign,sgcn,BitcoinAlpha,precision,0.735469,0.000000,5
sign,sgcn,BitcoinAlpha,recall,1.000000,0.000000,5
sign,sgcn,BitcoinAlpha,threshold,0.378300,0.012873,5
sign,sgcn,BitcoinOTC,acc,0.856900,0.000425,5
sign,sgcn,BitcoinOTC,ap,0.859601,0.008865,5
sign,sgcn,BitcoinOTC,auc,0.497334,0.020071,5
sign,sgcn,BitcoinOTC,balanced_acc,0.499814,0.000248,5
sign,sgcn,BitcoinOTC,f1_binary,0.922936,0.000246,5
sign,sgcn,BitcoinOTC,f1_macro,0.461468,0.000123,5
sign,sgcn,BitcoinOTC,f1_weighted,0.791158,0.000211,5
sign,sgcn,BitcoinOTC,mcc,-0.004542,0.005698,5
sign,sgcn,BitcoinOTC,precision,0.857173,0.000061,5
sign,sgcn,BitcoinOTC,recall,0.999628,0.000495,5
sign,sgcn,BitcoinOTC,threshold,0.364907,0.008628,5
sign,sigat,WikiVote,acc,0.683668,0.000382,5
sign,sigat,WikiVote,ap,0.695115,0.013151,5
sign,sigat,WikiVote,auc,0.514944,0.024565,5
sign,sigat,WikiVote,balanced_acc,0.499860,0.000279,5
sign,sigat,WikiVote,f1_binary,0.812117,0.000270,5
sign,sigat,WikiVote,f1_macro,0.406059,0.000135,5
sign,sigat,WikiVote,f1_weighted,0.555373,0.000184,5
sign,sigat,WikiVote,mcc,-0.004205,0.008409,5
sign,sigat,WikiVote,precision,0.683798,0.000121,5
sign,sigat,WikiVote,recall,0.999721,0.000559,5
sign,sigat,WikiVote,threshold,0.416355,0.026540,5
sign,sigat,RedditHyperlinkTitle,acc,0.881030,0.000420,5
sign,sigat,RedditHyperlinkTitle,ap,0.892247,0.000942,5
sign,sigat,RedditHyperlinkTitle,auc,0.544592,0.005535,5
sign,sigat,RedditHyperlinkTitle,balanced_acc,0.499881,0.000239,5
sign,sigat,RedditHyperlinkTitle,f1_binary,0.936753,0.000238,5
sign,sigat,RedditHyperlinkTitle,f1_macro,0.468376,0.000119,5
sign,sigat,RedditHyperlinkTitle,f1_weighted,0.825504,0.000209,5
sign,sigat,RedditHyperlinkTitle,mcc,-0.002381,0.004763,5
sign,sigat,RedditHyperlinkTitle,precision,0.881215,0.000050,5
sign,sigat,RedditHyperlinkTitle,recall,0.999761,0.000477,5
sign,sigat,RedditHyperlinkTitle,threshold,0.260497,0.032916,5
sign,sigat,RedditHyperlinkBody,acc,0.930120,0.000741,5
sign,sigat,RedditHyperlinkBody,ap,0.929887,0.003972,5
sign,sigat,RedditHyperlinkBody,auc,0.493017,0.018644,5
sign,sigat,RedditHyperlinkBody,balanced_acc,0.499801,0.000398,5
sign,sigat,RedditHyperlinkBody,f1_binary,0.963795,0.000398,5
sign,sigat,RedditHyperlinkBody,f1_macro,0.481898,0.000199,5
sign,sigat,RedditHyperlinkBody,f1_weighted,0.896803,0.000371,5
sign,sigat,RedditHyperlinkBody,mcc,-0.002356,0.004711,5
sign,sigat,RedditHyperlinkBody,precision,0.930465,0.000052,5
sign,sigat,RedditHyperlinkBody,recall,0.999602,0.000797,5
sign,sigat,RedditHyperlinkBody,threshold,0.364134,0.034778,5
sign,sigat,BitcoinAlpha,acc,0.735469,0.000000,5
sign,sigat,BitcoinAlpha,ap,0.735469,0.000000,5
sign,sigat,BitcoinAlpha,auc,0.500000,0.000000,5
sign,sigat,BitcoinAlpha,balanced_acc,0.500000,0.000000,5
sign,sigat,BitcoinAlpha,f1_binary,0.847573,0.000000,5
sign,sigat,BitcoinAlpha,f1_macro,0.423787,0.000000,5
sign,sigat,BitcoinAlpha,f1_weighted,0.623364,0.000000,5
sign,sigat,BitcoinAlpha,mcc,0.000000,0.000000,5
sign,sigat,BitcoinAlpha,precision,0.735469,0.000000,5
sign,sigat,BitcoinAlpha,recall,1.000000,0.000000,5
sign,sigat,BitcoinAlpha,threshold,0.348089,0.023700,5
sign,sigat,BitcoinOTC,acc,0.856794,0.000520,5
sign,sigat,BitcoinOTC,ap,0.864051,0.005393,5
sign,sigat,BitcoinOTC,auc,0.508337,0.013934,5
sign,sigat,BitcoinOTC,balanced_acc,0.499752,0.000303,5
sign,sigat,BitcoinOTC,f1_binary,0.922875,0.000302,5
sign,sigat,BitcoinOTC,f1_macro,0.461437,0.000151,5
sign,sigat,BitcoinOTC,f1_weighted,0.791105,0.000259,5
sign,sigat,BitcoinOTC,mcc,-0.005322,0.006518,5
sign,sigat,BitcoinOTC,precision,0.857158,0.000074,5
sign,sigat,BitcoinOTC,recall,0.999505,0.000607,5
sign,sigat,BitcoinOTC,threshold,0.358360,0.023447,5
sign,tgn,WikiVote,acc,0.683859,0.000000,5
sign,tgn,WikiVote,ap,0.701685,0.005497,5
sign,tgn,WikiVote,auc,0.527235,0.010489,5
sign,tgn,WikiVote,balanced_acc,0.500000,0.000000,5
sign,tgn,WikiVote,f1_binary,0.812252,0.000000,5
sign,tgn,WikiVote,f1_macro,0.406126,0.000000,5
sign,tgn,WikiVote,f1_weighted,0.555465,0.000000,5
sign,tgn,WikiVote,mcc,0.000000,0.000000,5
sign,tgn,WikiVote,precision,0.683859,0.000000,5
sign,tgn,WikiVote,recall,1.000000,0.000000,5
sign,tgn,WikiVote,threshold,0.284470,0.087441,5
sign,tgn,RedditHyperlinkTitle,acc,0.880294,0.001642,5
sign,tgn,RedditHyperlinkTitle,ap,0.887089,0.004179,5
sign,tgn,RedditHyperlinkTitle,auc,0.518369,0.014606,5
sign,tgn,RedditHyperlinkTitle,balanced_acc,0.499846,0.000196,5
sign,tgn,RedditHyperlinkTitle,f1_binary,0.936329,0.000944,5
sign,tgn,RedditHyperlinkTitle,f1_macro,0.469012,0.001228,5
sign,tgn,RedditHyperlinkTitle,f1_weighted,0.825332,0.000435,5
sign,tgn,RedditHyperlinkTitle,mcc,-0.002526,0.003368,5
sign,tgn,RedditHyperlinkTitle,precision,0.881208,0.000041,5
sign,tgn,RedditHyperlinkTitle,recall,0.998807,0.002100,5
sign,tgn,RedditHyperlinkTitle,threshold,0.154596,0.073893,5
sign,tgn,RedditHyperlinkBody,acc,0.925672,0.007218,5
sign,tgn,RedditHyperlinkBody,ap,0.931024,0.000941,5
sign,tgn,RedditHyperlinkBody,auc,0.500756,0.007386,5
sign,tgn,RedditHyperlinkBody,balanced_acc,0.501728,0.004881,5
sign,tgn,RedditHyperlinkBody,f1_binary,0.961355,0.003975,5
sign,tgn,RedditHyperlinkBody,f1_macro,0.487507,0.011710,5
sign,tgn,RedditHyperlinkBody,f1_weighted,0.895482,0.001865,5
sign,tgn,RedditHyperlinkBody,mcc,0.001972,0.018503,5
sign,tgn,RedditHyperlinkBody,precision,0.930722,0.000647,5
sign,tgn,RedditHyperlinkBody,recall,0.994124,0.009131,5
sign,tgn,RedditHyperlinkBody,threshold,0.083335,0.096222,5
sign,tgn,BitcoinAlpha,acc,0.735469,0.000000,5
sign,tgn,BitcoinAlpha,ap,0.735469,0.000000,5
sign,tgn,BitcoinAlpha,auc,0.500000,0.000000,5
sign,tgn,BitcoinAlpha,balanced_acc,0.500000,0.000000,5
sign,tgn,BitcoinAlpha,f1_binary,0.847573,0.000000,5
sign,tgn,BitcoinAlpha,f1_macro,0.423787,0.000000,5
sign,tgn,BitcoinAlpha,f1_weighted,0.623364,0.000000,5
sign,tgn,BitcoinAlpha,mcc,0.000000,0.000000,5
sign,tgn,BitcoinAlpha,precision,0.735469,0.000000,5
sign,tgn,BitcoinAlpha,recall,1.000000,0.000000,5
sign,tgn,BitcoinAlpha,threshold,0.072211,0.012242,5
sign,tgn,BitcoinOTC,acc,0.860828,0.002543,5
sign,tgn,BitcoinOTC,ap,0.904077,0.003553,5
sign,tgn,BitcoinOTC,auc,0.638361,0.006520,5
sign,tgn,BitcoinOTC,balanced_acc,0.525962,0.013303,5
sign,tgn,BitcoinOTC,f1_binary,0.924550,0.001164,5
sign,tgn,BitcoinOTC,f1_macro,0.513935,0.025224,5
sign,tgn,BitcoinOTC,f1_weighted,0.807294,0.007994,5
sign,tgn,BitcoinOTC,mcc,0.153285,0.055578,5
sign,tgn,BitcoinOTC,precision,0.863675,0.003328,5
sign,tgn,BitcoinOTC,recall,0.994675,0.002020,5
sign,tgn,BitcoinOTC,threshold,0.075077,0.034829,5
sign,semba,WikiVote,acc,0.683859,0.000000,5
sign,semba,WikiVote,ap,0.701981,0.004570,5
sign,semba,WikiVote,auc,0.527793,0.008727,5
sign,semba,WikiVote,balanced_acc,0.500000,0.000000,5
sign,semba,WikiVote,f1_binary,0.812252,0.000000,5
sign,semba,WikiVote,f1_macro,0.406126,0.000000,5
sign,semba,WikiVote,f1_weighted,0.555465,0.000000,5
sign,semba,WikiVote,mcc,0.000000,0.000000,5
sign,semba,WikiVote,precision,0.683859,0.000000,5
sign,semba,WikiVote,recall,1.000000,0.000000,5
sign,semba,WikiVote,threshold,0.293342,0.053516,5
sign,semba,RedditHyperlinkTitle,acc,0.881240,0.000000,5
sign,semba,RedditHyperlinkTitle,ap,0.889814,0.001974,5
sign,semba,RedditHyperlinkTitle,auc,0.537589,0.007287,5
sign,semba,RedditHyperlinkTitle,balanced_acc,0.500000,0.000000,5
sign,semba,RedditHyperlinkTitle,f1_binary,0.936872,0.000000,5
sign,semba,RedditHyperlinkTitle,f1_macro,0.468436,0.000000,5
sign,semba,RedditHyperlinkTitle,f1_weighted,0.825609,0.000000,5
sign,semba,RedditHyperlinkTitle,mcc,0.000000,0.000000,5
sign,semba,RedditHyperlinkTitle,precision,0.881240,0.000000,5
sign,semba,RedditHyperlinkTitle,recall,1.000000,0.000000,5
sign,semba,RedditHyperlinkTitle,threshold,0.059735,0.034458,5
sign,semba,RedditHyperlinkBody,acc,0.912882,0.026272,5
sign,semba,RedditHyperlinkBody,ap,0.931246,0.001218,5
sign,semba,RedditHyperlinkBody,auc,0.501965,0.010143,5
sign,semba,RedditHyperlinkBody,balanced_acc,0.504109,0.005265,5
sign,semba,RedditHyperlinkBody,f1_binary,0.954114,0.014830,5
sign,semba,RedditHyperlinkBody,f1_macro,0.493061,0.013670,5
sign,semba,RedditHyperlinkBody,f1_weighted,0.890019,0.011370,5
sign,semba,RedditHyperlinkBody,mcc,0.008574,0.016563,5
sign,semba,RedditHyperlinkBody,precision,0.931053,0.000716,5
sign,semba,RedditHyperlinkBody,recall,0.978884,0.031149,5
sign,semba,RedditHyperlinkBody,threshold,0.000509,0.001018,5
sign,semba,BitcoinAlpha,acc,0.735469,0.000000,5
sign,semba,BitcoinAlpha,ap,0.735469,0.000000,5
sign,semba,BitcoinAlpha,auc,0.500000,0.000000,5
sign,semba,BitcoinAlpha,balanced_acc,0.500000,0.000000,5
sign,semba,BitcoinAlpha,f1_binary,0.847573,0.000000,5
sign,semba,BitcoinAlpha,f1_macro,0.423787,0.000000,5
sign,semba,BitcoinAlpha,f1_weighted,0.623364,0.000000,5
sign,semba,BitcoinAlpha,mcc,0.000000,0.000000,5
sign,semba,BitcoinAlpha,precision,0.735469,0.000000,5
sign,semba,BitcoinAlpha,recall,1.000000,0.000000,5
sign,semba,BitcoinAlpha,threshold,0.096644,0.048512,5
sign,semba,BitcoinOTC,acc,0.861465,0.002622,5
sign,semba,BitcoinOTC,ap,0.902444,0.003892,5
sign,semba,BitcoinOTC,auc,0.640641,0.008112,5
sign,semba,BitcoinOTC,balanced_acc,0.534079,0.020420,5
sign,semba,BitcoinOTC,f1_binary,0.924707,0.001012,5
sign,semba,BitcoinOTC,f1_macro,0.527499,0.038299,5
sign,semba,BitcoinOTC,f1_weighted,0.811279,0.011632,5
sign,semba,BitcoinOTC,mcc,0.161580,0.085858,5
sign,semba,BitcoinOTC,precision,0.865763,0.005147,5
sign,semba,BitcoinOTC,recall,0.992322,0.004577,5
sign,semba,BitcoinOTC,threshold,0.075355,0.043866,5
sign,DyGFormer,WikiVote,acc,0.828680,0.003712,5
sign,DyGFormer,WikiVote,ap,0.933220,0.001165,5
sign,DyGFormer,WikiVote,auc,0.820980,0.003414,5
sign,DyGFormer,WikiVote,f1_binary,0.887820,0.002999,5
sign,DyGFormer,WikiVote,f1_macro,0.679420,0.009861,5
sign,DyGFormer,WikiVote,f1_weighted,0.816680,0.004192,5
sign,DyGFormer,RedditHyperlinkTitle,acc,0.713480,0.043059,5
sign,DyGFormer,RedditHyperlinkTitle,ap,0.951460,0.000898,5
sign,DyGFormer,RedditHyperlinkTitle,auc,0.711240,0.004589,5
sign,DyGFormer,RedditHyperlinkTitle,f1_binary,0.818020,0.035472,5
sign,DyGFormer,RedditHyperlinkTitle,f1_macro,0.549420,0.013584,5
sign,DyGFormer,RedditHyperlinkTitle,f1_weighted,0.758060,0.030562,5
sign,DyGFormer,RedditHyperlinkBody,acc,0.759340,0.060912,5
sign,DyGFormer,RedditHyperlinkBody,ap,0.956580,0.004264,5
sign,DyGFormer,RedditHyperlinkBody,auc,0.615340,0.026698,5
sign,DyGFormer,RedditHyperlinkBody,f1_binary,0.857060,0.042106,5
sign,DyGFormer,RedditHyperlinkBody,f1_macro,0.504260,0.013520,5
sign,DyGFormer,RedditHyperlinkBody,f1_weighted,0.809220,0.037906,5
sign,DyGFormer,BitcoinAlpha,acc,0.864760,0.003349,5
sign,DyGFormer,BitcoinAlpha,ap,0.949520,0.003867,5
sign,DyGFormer,BitcoinAlpha,auc,0.789500,0.011943,5
sign,DyGFormer,BitcoinAlpha,f1_binary,0.923480,0.001994,5
sign,DyGFormer,BitcoinAlpha,f1_macro,0.604500,0.027992,5
sign,DyGFormer,BitcoinAlpha,f1_weighted,0.833400,0.008986,5
sign,DyGFormer,BitcoinOTC,acc,0.896120,0.007904,5
sign,DyGFormer,BitcoinOTC,ap,0.974860,0.004168,5
sign,DyGFormer,BitcoinOTC,auc,0.872300,0.017790,5
sign,DyGFormer,BitcoinOTC,f1_binary,0.940360,0.003853,5
sign,DyGFormer,BitcoinOTC,f1_macro,0.694840,0.054083,5
sign,DyGFormer,BitcoinOTC,f1_weighted,0.880040,0.017343,5
sign,ours,WikiVote,acc,0.817220,0.004280,5
sign,ours,WikiVote,ap,0.918360,0.001878,5
sign,ours,WikiVote,auc,0.795580,0.002038,5
sign,ours,WikiVote,f1_binary,0.881240,0.003403,5
sign,ours,WikiVote,f1_macro,0.652740,0.005304,5
sign,ours,WikiVote,f1_weighted,0.801700,0.003484,5
sign,ours,RedditHyperlinkTitle,acc,0.886340,0.000706,5
sign,ours,RedditHyperlinkTitle,ap,0.940140,0.001896,5
sign,ours,RedditHyperlinkTitle,auc,0.674620,0.002844,5
sign,ours,RedditHyperlinkTitle,f1_binary,0.939620,0.000382,5
sign,ours,RedditHyperlinkTitle,f1_macro,0.469800,0.000210,5
sign,ours,RedditHyperlinkTitle,f1_weighted,0.833660,0.000344,5
sign,ours,RedditHyperlinkBody,acc,0.930800,0.000820,5
sign,ours,RedditHyperlinkBody,ap,0.955640,0.005853,5
sign,ours,RedditHyperlinkBody,auc,0.611720,0.035366,5
sign,ours,RedditHyperlinkBody,f1_binary,0.964100,0.000447,5
sign,ours,RedditHyperlinkBody,f1_macro,0.483460,0.001583,5
sign,ours,RedditHyperlinkBody,f1_weighted,0.898560,0.000287,5
sign,ours,BitcoinAlpha,acc,0.872140,0.000476,5
sign,ours,BitcoinAlpha,ap,0.944760,0.000889,5
sign,ours,BitcoinAlpha,auc,0.787200,0.008551,5
sign,ours,BitcoinAlpha,f1_binary,0.927580,0.000458,5
sign,ours,BitcoinAlpha,f1_macro,0.634980,0.009816,5
sign,ours,BitcoinAlpha,f1_weighted,0.844060,0.003310,5
sign,ours,BitcoinOTC,acc,0.912400,0.002124,5
sign,ours,BitcoinOTC,ap,0.977040,0.001323,5
sign,ours,BitcoinOTC,auc,0.877460,0.005394,5
sign,ours,BitcoinOTC,f1_binary,0.949380,0.001468,5
sign,ours,BitcoinOTC,f1_macro,0.752000,0.007446,5
sign,ours,BitcoinOTC,f1_weighted,0.902520,0.001837,5
